序位	詞彙	詞頻	百萬詞頻	常用詞標V
3000002	珉周嘎豆	1	0.001	
3000003	正珉周嘎豆	1	0.001	
3000004	玟周嘎豆	1	0.001	
3000005	金泯周	1	0.001	
3000006	謝娜波羅波羅蜜	1	0.001	
3000007	謝真的	1	0.001	
3000008	波羅波蘿蜜	1	0.001	
3000009	行幹	1	0.001	
3000010	大奶門	1	0.001	
3000011	大小正	1	0.001	
3000012	霸凌人版	1	0.001	
3000013	土屋美櫻	1	0.001	
3000014	轟音黃	1	0.001	
3000015	消火火	1	0.001	
3000016	婦宣隊	1	0.001	
3000017	元大圈	1	0.001	
3000018	神威眼	1	0.001	
3000019	女星級	1	0.001	
3000020	馬傑襄	1	0.001	
3000021	瘦紗夏	1	0.001	
3000022	相門	1	0.001	
3000023	寫真奶	1	0.001	
3000024	扌隹奶	1	0.001	
3000025	女乃子王	1	0.001	
3000026	丞相卒	1	0.001	
3000027	解放照	1	0.001	
3000028	阿深藏	1	0.001	
3000029	甘帥	1	0.001	
3000030	石川淩	1	0.001	
3000031	阿曼達露奶	1	0.001	
3000032	好美樓	1	0.001	
3000033	小寒曉涵	1	0.001	
3000034	伊藤美雪	1	0.001	
3000035	吉木艮	1	0.001	
3000036	雪茄婆	1	0.001	
3000037	超頂界	1	0.001	
3000038	中國象	1	0.001	
3000039	野瑜	1	0.001	
3000040	健美尻	1	0.001	
3000041	太葡	1	0.001	
3000042	普又黑	1	0.001	
3000043	曹假奶	1	0.001	
3000044	茶腳	1	0.001	
3000045	伊莉沙白歐森	1	0.001	
3000046	處男墊	1	0.001	
3000047	高臉	1	0.001	
3000048	老女文	1	0.001	
3000049	超正社	1	0.001	
3000050	爆立花里子	1	0.001	
3000051	呦衣	1	0.001	
3000052	開門生	1	0.001	
3000053	大鐵木	1	0.001	
3000054	馬波神	1	0.001	
3000055	讚不得	1	0.001	
3000056	雪白乳	1	0.001	
3000057	敗灰	1	0.001	
3000058	噠推	1	0.001	
3000059	扁奶塑	1	0.001	
3000060	萌音勾錐	1	0.001	
3000061	大河北	1	0.001	
3000062	卜櫻界	1	0.001	
3000063	楊懷樂界	1	0.001	
3000064	鄭懷樂	1	0.001	
3000065	崩卜櫻	1	0.001	
3000066	推様	1	0.001	
3000067	竿門	1	0.001	
3000068	附門手	1	0.001	
3000069	大壯壯	1	0.001	
3000070	扛板子	1	0.001	
3000071	宮讀生	1	0.001	
3000072	偏邪門	1	0.001	
3000073	柳嚴	1	0.001	
3000074	賈求門	1	0.001	
3000075	韓國人圖	1	0.001	
3000076	盜母	1	0.001	
3000077	豪乳球	1	0.001	
3000078	濠洨乳	1	0.001	
3000079	豪洨乳	1	0.001	
3000080	正仙	1	0.001	
3000081	均白	1	0.001	
3000082	雙眼袋	1	0.001	
3000083	忽小香	1	0.001	
3000084	軍官寢	1	0.001	
3000085	軍官階	1	0.001	
3000086	末將願	1	0.001	
3000087	雷拉推	1	0.001	
3000088	薔薔維	1	0.001	
3000089	隆真	1	0.001	
3000090	敏磯	1	0.001	
3000091	曹堅	1	0.001	
3000092	慘草	1	0.001	
3000093	噁飯糰	1	0.001	
3000094	曹家軍卡	1	0.001	
3000095	芯值	1	0.001	
3000096	耐衝擊性	1	0.001	
3000097	大將生	1	0.001	
3000098	恩木曜	1	0.001	
3000099	嬸級	1	0.001	
3000100	張小真	1	0.001	
3000101	內惠仁	1	0.001	
3000102	蛋妞	1	0.001	
3000103	陽光蛋	1	0.001	
3000104	袁智慧	1	0.001	
3000105	抖着	1	0.001	
3000106	抖像	1	0.001	
3000107	啦啦之	1	0.001	
3000108	路雨希	1	0.001	
3000109	喵版團	1	0.001	
3000110	演藝團	1	0.001	
3000111	曹子桓	1	0.001	
3000112	元人妻	1	0.001	
3000113	曹申	1	0.001	
3000114	川河合	1	0.001	
3000115	卿姐	1	0.001	
3000116	左妍霓	1	0.001	
3000117	中山樵坑	1	0.001	
3000118	沙浪史	1	0.001	
3000119	關關一生	1	0.001	
3000120	普普福	1	0.001	
3000121	歐浩浩	1	0.001	
3000122	媚采源	1	0.001	
3000123	阿老采寶	1	0.001	
3000124	采豹	1	0.001	
3000125	曼曼顏	1	0.001	
3000126	王韻喬	1	0.001	
3000127	郭語妍	1	0.001	
3000128	全婆團	1	0.001	
3000129	推心美人	1	0.001	
3000130	中肯包	1	0.001	
3000131	拿針桌	1	0.001	
3000132	分燮	1	0.001	
3000133	護士樓	1	0.001	
3000134	婆菌	1	0.001	
3000135	優色色	1	0.001	
3000136	布懶妮	1	0.001	
3000137	高紅安美讚	1	0.001	
3000138	神木立	1	0.001	
3000139	樂家軍	1	0.001	
3000140	真香浩浩	1	0.001	
3000141	眼卿	1	0.001	
3000142	乃門	1	0.001	
3000143	胸貼業	1	0.001	
3000144	馬叮噹	1	0.001	
3000145	換娶	1	0.001	
3000146	王墨綾子	1	0.001	
3000147	寧紅	1	0.001	
3000148	黃夭壽	1	0.001	
3000149	羅風影	1	0.001	
3000150	亞衣粉	1	0.001	
3000151	跆拳蒿	1	0.001	
3000152	彥妘	1	0.001	
3000153	紹敏	1	0.001	
3000154	曹寧	1	0.001	
3000155	眼芽	1	0.001	
3000156	銀河蜜	1	0.001	
3000157	老銀寶	1	0.001	
3000158	河世	1	0.001	
3000159	匯起來	1	0.001	
3000160	隱乳欸	1	0.001	
3000161	曹曹熊	1	0.001	
3000162	鉀麵	1	0.001	
3000163	豆爾傳	1	0.001	
3000164	三炮哥	1	0.001	
3000165	愛季	1	0.001	
3000166	曹超卡	1	0.001	
3000167	剌青卡	1	0.001	
3000168	丞相臣	1	0.001	
3000169	停兵	1	0.001	
3000170	牙膏台	1	0.001	
3000171	曹稟	1	0.001	
3000172	曹豪	1	0.001	
3000173	宮廟雞	1	0.001	
3000174	不屑出擊	1	0.001	
3000175	且容	1	0.001	
3000176	青州兵無馬	1	0.001	
3000177	青羌軍	1	0.001	
3000178	門曹	1	0.001	
3000179	修肥婆	1	0.001	
3000180	曹魏帝	1	0.001	
3000181	豐腴版	1	0.001	
3000182	曹雷影岩	1	0.001	
3000183	呼叫錯	1	0.001	
3000184	光頭森	1	0.001	
3000185	發號施令曹	1	0.001	
3000186	集合值	1	0.001	
3000187	雷影包	1	0.001	
3000188	凌敵	1	0.001	
3000189	江朗才	1	0.001	
3000190	曹大大	1	0.001	
3000191	分開門	1	0.001	
3000192	召喚庫	1	0.001	
3000193	曹正	1	0.001	
3000194	不正大	1	0.001	
3000195	仄陋	1	0.001	
3000196	整形集	1	0.001	
3000197	優普	1	0.001	
3000198	斗內孝子	1	0.001	
3000199	張翰元	1	0.001	
3000200	曹夜色	1	0.001	
3000201	子脩	1	0.001	
3000202	辱婦	1	0.001	
3000203	勒魏軍	1	0.001	
3000204	微下垂	1	0.001	
3000205	正人文	1	0.001	
3000206	曹奇才	1	0.001	
3000207	曹拿	1	0.001	
3000208	曹軍板	1	0.001	
3000209	有錢人幣	1	0.001	
3000210	滾添共	1	0.001	
3000211	滾滾幫	1	0.001	
3000212	美醜死	1	0.001	
3000213	鮑鯊	1	0.001	
3000214	曹匈奴	1	0.001	
3000215	双峯	1	0.001	
3000216	容臣	1	0.001	
3000217	頂挖賽	1	0.001	
3000218	曹家軍學	1	0.001	
3000219	曹烏巢	1	0.001	
3000220	玄武池	1	0.001	
3000221	詩惠	1	0.001	
3000222	香健康美	1	0.001	
3000223	疑球	1	0.001	
3000224	小全智賢	1	0.001	
3000225	孫伯符	1	0.001	
3000226	大奶給	1	0.001	
3000227	曹魏國	1	0.001	
3000228	普有奶	1	0.001	
3000229	老悅寶	1	0.001	
3000230	曹軍師	1	0.001	
3000231	周承恩	1	0.001	
3000232	總攻殺	1	0.001	
3000233	小空奶	1	0.001	
3000234	阿斯阿斯阿斯阿斯門	1	0.001	
3000235	曹讚德	1	0.001	
3000236	曹子桓好正	1	0.001	
3000237	阿曹式	1	0.001	
3000238	香陰	1	0.001	
3000239	曹蒂	1	0.001	
3000240	逶國	1	0.001	
3000241	彭苡恩	1	0.001	
3000242	唯鄔唯鄔	1	0.001	
3000243	鄔鄔鄔	1	0.001	
3000244	婆肘哥	1	0.001	
3000245	張石頭	1	0.001	
3000246	香隆	1	0.001	
3000247	愛麗莎莎騷	1	0.001	
3000248	異味觀	1	0.001	
3000249	巴西咖撐	1	0.001	
3000250	北川黑	1	0.001	
3000251	肥川景子	1	0.001	
3000252	妖婦感	1	0.001	
3000253	勒胖	1	0.001	
3000254	豚形	1	0.001	
3000255	金川億	1	0.001	
3000256	夭奶	1	0.001	
3000257	米粉帥	1	0.001	
3000258	隆胸版	1	0.001	
3000259	花狩普	1	0.001	
3000260	母湯香	1	0.001	
3000261	台北路人	1	0.001	
3000262	菊奈	1	0.001	
3000263	曹休兵	1	0.001	
3000264	咖撐照	1	0.001	
3000265	又人妻	1	0.001	
3000266	韋小昂	1	0.001	
3000267	正新有菲	1	0.001	
3000268	秉臣相	1	0.001	
3000269	尹天雪	1	0.001	
3000270	蛤龍兒	1	0.001	
3000271	曹家军	1	0.001	
3000272	及樓	1	0.001	
3000273	圖岬奈奈美	1	0.001	
3000274	底梁	1	0.001	
3000275	梁家軍	1	0.001	
3000276	梁太	1	0.001	
3000277	秋敏荷	1	0.001	
3000278	內傳裡	1	0.001	
3000279	秋秋美珠	1	0.001	
3000280	蠻仙	1	0.001	
3000281	曹矽膠	1	0.001	
3000282	軍報到	1	0.001	
3000283	頂稟	1	0.001	
3000284	報末	1	0.001	
3000285	駱駝妹	1	0.001	
3000286	濾鏡族	1	0.001	
3000287	身臉	1	0.001	
3000288	智浪行	1	0.001	
3000289	斗娜婆	1	0.001	
3000290	小奶小	1	0.001	
3000291	映粉	1	0.001	
3000292	噴塑人	1	0.001	
3000293	歐醫美	1	0.001	
3000294	曹凹	1	0.001	
3000295	大魏軍	1	0.001	
3000296	林樺樺	1	0.001	
3000297	曹推	1	0.001	
3000298	敵休	1	0.001	
3000299	讚屁	1	0.001	
3000300	子女乃	1	0.001	
3000301	美頂	1	0.001	
3000302	村村希島	1	0.001	
3000303	希島藤森	1	0.001	
3000304	曹曹順	1	0.001	
3000305	火鴿	1	0.001	
3000306	曹跟	1	0.001	
3000307	闊無活	1	0.001	
3000308	集結号	1	0.001	
3000309	砍垂	1	0.001	
3000310	塑男	1	0.001	
3000311	歐陽壽牌	1	0.001	
3000312	紗佳醬	1	0.001	
3000313	正正正香	1	0.001	
3000314	玩水趴	1	0.001	
3000315	超頂邦	1	0.001	
3000316	曹查里	1	0.001	
3000317	扎巴眼	1	0.001	
3000318	速欶	1	0.001	
3000319	門腿	1	0.001	
3000320	大頭手牌	1	0.001	
3000321	拳擊手腰	1	0.001	
3000322	奎丁奎丁	1	0.001	
3000323	李皓貞	1	0.001	
3000324	戶外展	1	0.001	
3000325	門列	1	0.001	
3000326	臥蟾	1	0.001	
3000327	欣潔	1	0.001	
3000328	美花妹	1	0.001	
3000329	班長剋	1	0.001	
3000330	金奈屯	1	0.001	
3000331	底讚	1	0.001	
3000332	力慈	1	0.001	
3000333	門肉魚	1	0.001	
3000334	貼開門	1	0.001	
3000335	曹奶	1	0.001	
3000336	嗚哇哇員	1	0.001	
3000337	羽咲超正	1	0.001	
3000338	倭略遜	1	0.001	
3000339	姥姆	1	0.001	
3000340	孟德軍	1	0.001	
3000341	姚采辰門	1	0.001	
3000342	欽槽	1	0.001	
3000343	深周公	1	0.001	
3000344	雲長關	1	0.001	
3000345	落陰菁考	1	0.001	
3000346	拔罐姨	1	0.001	
3000347	圖勒幹掰	1	0.001	
3000348	天木香	1	0.001	
3000349	水土櫻	1	0.001	
3000350	七澤明里	1	0.001	
3000351	阿綢	1	0.001	
3000352	水朴	1	0.001	
3000353	水卜圖	1	0.001	
3000354	清心糖	1	0.001	
3000355	吸盤算	1	0.001	
3000356	保安門	1	0.001	
3000357	安柏派	1	0.001	
3000358	馬霸主	1	0.001	
3000359	顏容	1	0.001	
3000360	解唱歌	1	0.001	
3000361	韓國白	1	0.001	
3000362	阿斯權恩妃	1	0.001	
3000363	大物蛤	1	0.001	
3000364	李海璐	1	0.001	
3000365	項潔如	1	0.001	
3000366	包皮帶	1	0.001	
3000367	李呵映	1	0.001	
3000368	石灰牆	1	0.001	
3000369	何語玟	1	0.001	
3000370	犭瓜自大	1	0.001	
3000371	鵝樂	1	0.001	
3000372	參上曹	1	0.001	
3000373	四角龍	1	0.001	
3000374	阿臥蠶	1	0.001	
3000375	張智孝	1	0.001	
3000376	前乃菜菜	1	0.001	
3000377	可巴鈺	1	0.001	
3000378	居交出來	1	0.001	
3000379	謝沂門	1	0.001	
3000380	惡魔旅	1	0.001	
3000381	柯姿	1	0.001	
3000382	以色大	1	0.001	
3000383	蘇勇	1	0.001	
3000384	死魚感	1	0.001	
3000385	整容師	1	0.001	
3000386	逆流液	1	0.001	
3000387	大吉賜	1	0.001	
3000388	濕紙雞	1	0.001	
3000389	逆流樓	1	0.001	
3000390	徳江	1	0.001	
3000391	真欽	1	0.001	
3000392	播出機	1	0.001	
3000393	安公関	1	0.001	
3000394	虹安版	1	0.001	
3000395	泰無尊	1	0.001	
3000396	兩模兩樣	1	0.001	
3000397	吉澤明	1	0.001	
3000398	宗親板	1	0.001	
3000399	補血棒	1	0.001	
3000400	火團森	1	0.001	
3000401	培鈔	1	0.001	
3000402	正騷度	1	0.001	
3000403	東歐風	1	0.001	
3000404	夏宋	1	0.001	
3000405	花爪寶	1	0.001	
3000406	丹丹秀秀	1	0.001	
3000407	楚知嫣	1	0.001	
3000408	陳伊梓梓	1	0.001	
3000409	門正	1	0.001	
3000410	丁力騏	1	0.001	
3000411	超頂奶	1	0.001	
3000412	伊莎貝阿佳妮	1	0.001	
3000413	伊娃格林	1	0.001	
3000414	曹遠征	1	0.001	
3000415	曹爺	1	0.001	
3000416	收扶	1	0.001	
3000417	曹求	1	0.001	
3000418	曼黛	1	0.001	
3000419	奶燒	1	0.001	
3000420	人塑人	1	0.001	
3000421	高鐵妹	1	0.001	
3000422	太碗公	1	0.001	
3000423	塑滾	1	0.001	
3000424	塑王	1	0.001	
3000425	怪物婆	1	0.001	
3000426	大張天志	1	0.001	
3000427	姬咲花	1	0.001	
3000428	青筋奶推	1	0.001	
3000429	傳命	1	0.001	
3000430	三金釵	1	0.001	
3000431	末條八	1	0.001	
3000432	味團	1	0.001	
3000433	瑟一生	1	0.001	
3000434	苔志	1	0.001	
3000435	舌苔冠	1	0.001	
3000436	謝哥老	1	0.001	
3000437	敷習	1	0.001	
3000438	樟柏汁	1	0.001	
3000439	還姊	1	0.001	
3000440	內田枕禮	1	0.001	
3000441	推慈	1	0.001	
3000442	滾頂	1	0.001	
3000443	孟哲樓	1	0.001	
3000444	誒正	1	0.001	
3000445	依辰	1	0.001	
3000446	裴斗娜耶	1	0.001	
3000447	勒基因	1	0.001	
3000448	奈感	1	0.001	
3000449	金金城武	1	0.001	
3000450	金城連	1	0.001	
3000451	祝福武	1	0.001	
3000452	采金	1	0.001	
3000453	打麼	1	0.001	
3000454	勝利帥	1	0.001	
3000455	塑變	1	0.001	
3000456	央幹	1	0.001	
3000457	嗯普	1	0.001	
3000458	水城奈緖	1	0.001	
3000459	普接	1	0.001	
3000460	曹自營	1	0.001	
3000461	曹夭壽	1	0.001	
3000462	曹威武臣	1	0.001	
3000463	曹靠北	1	0.001	
3000464	水原姬咲吉根	1	0.001	
3000465	季美梅	1	0.001	
3000466	嘶求	1	0.001	
3000467	讚惡魔	1	0.001	
3000468	大立綱	1	0.001	
3000469	唐琳	1	0.001	
3000470	讚貨	1	0.001	
3000471	黃志浩	1	0.001	
3000472	亲蜜	1	0.001	
3000473	美形版	1	0.001	
3000474	楊藹玲	1	0.001	
3000475	哥祖	1	0.001	
3000476	廣末正太太太多	1	0.001	
3000477	靠巴	1	0.001	
3000478	奶小版	1	0.001	
3000479	大爆牙	1	0.001	
3000480	土包子臉	1	0.001	
3000481	海報臉	1	0.001	
3000482	阿賴皮仔	1	0.001	
3000483	皮支	1	0.001	
3000484	裝犯	1	0.001	
3000485	狗簽	1	0.001	
3000486	樸善宇	1	0.001	
3000487	大象鼻	1	0.001	
3000488	真的正幾	1	0.001	
3000489	尊貴窩	1	0.001	
3000490	李美惠	1	0.001	
3000491	沙灘化	1	0.001	
3000492	爸昏	1	0.001	
3000493	熱浪球	1	0.001	
3000494	清凉	1	0.001	
3000495	竹竿系	1	0.001	
3000496	陳昕玥	1	0.001	
3000497	女性徵	1	0.001	
3000498	孟德超人	1	0.001	
3000499	孟德超	1	0.001	
3000500	大曹氏	1	0.001	
3000501	曹肉肉	1	0.001	
3000502	護貝卡飛龍	1	0.001	
3000503	趙敏婆	1	0.001	
3000504	田徑版	1	0.001	
3000505	韓正正	1	0.001	
3000506	阿馬姿	1	0.001	
3000507	拐手拐腳	1	0.001	
3000508	低配油	1	0.001	
3000509	香美猴	1	0.001	
3000510	郭婆	1	0.001	
3000511	耕本妻	1	0.001	
3000512	長澤新垣	1	0.001	
3000513	維臥曹	1	0.001	
3000514	開門君	1	0.001	
3000515	筱筑	1	0.001	
3000516	火雞表	1	0.001	
3000517	田淵正浩南	1	0.001	
3000518	大元滿	1	0.001	
3000519	喔五	1	0.001	
3000520	曹香	1	0.001	
3000521	曹推文	1	0.001	
3000522	風塵版	1	0.001	
3000523	桃金價耐	1	0.001	
3000524	卡麻煩	1	0.001	
3000525	三餐操	1	0.001	
3000526	正美尻	1	0.001	
3000527	雌墮長	1	0.001	
3000528	數打平	1	0.001	
3000529	爆棚人	1	0.001	
3000530	特業味	1	0.001	
3000531	國父幦	1	0.001	
3000532	游彤葳	1	0.001	
3000533	唐兩包	1	0.001	
3000534	門茜	1	0.001	
3000535	不是玩	1	0.001	
3000536	刺青系	1	0.001	
3000537	混血螺	1	0.001	
3000538	新城由衣	1	0.001	
3000539	映辰	1	0.001	
3000540	體育服葉	1	0.001	
3000541	廖蔚蔚	1	0.001	
3000542	天養士	1	0.001	
3000543	倫士	1	0.001	
3000544	熊有卿	1	0.001	
3000545	幹卿卿	1	0.001	
3000546	杯門	1	0.001	
3000547	坑乃團奶	1	0.001	
3000548	膠腿	1	0.001	
3000549	曾經到	1	0.001	
3000550	虎牙勾錐	1	0.001	
3000551	超級品	1	0.001	
3000552	大聲卡	1	0.001	
3000553	主報到	1	0.001	
3000554	大志旼	1	0.001	
3000555	噓老	1	0.001	
3000556	文婉姐	1	0.001	
3000557	隱形味	1	0.001	
3000558	不微不貧	1	0.001	
3000559	射樂	1	0.001	
3000560	小智孝	1	0.001	
3000561	煙槍雞	1	0.001	
3000562	質肉	1	0.001	
3000563	大嘎琳	1	0.001	
3000564	寬受不了	1	0.001	
3000565	乾叻	1	0.001	
3000566	陳苑婷	1	0.001	
3000567	阿魯巴哇	1	0.001	
3000568	布勞人	1	0.001	
3000569	大肌妹	1	0.001	
3000570	少榆	1	0.001	
3000571	葛葛格	1	0.001	
3000572	台味萬歲	1	0.001	
3000573	婆老寶	1	0.001	
3000574	婆老采寶	1	0.001	
3000575	泰文青	1	0.001	
3000576	倚天愛死	1	0.001	
3000577	三三三三萬	1	0.001	
3000578	輕熟版	1	0.001	
3000579	更棒佑之	1	0.001	
3000580	品棋力	1	0.001	
3000581	超美婆	1	0.001	
3000582	超仙某	1	0.001	
3000583	大大開心	1	0.001	
3000584	小正騷	1	0.001	
3000585	黃大楷	1	0.001	
3000586	設塞	1	0.001	
3000587	假體葉	1	0.001	
3000588	喔喔喔喔喔喔喔呵	1	0.001	
3000589	楊瑾華男	1	0.001	
3000590	肖多	1	0.001	
3000591	出眾微	1	0.001	
3000592	瀏海河貓	1	0.001	
3000593	優客李霖	1	0.001	
3000594	滾呱吉	1	0.001	
3000595	敲擊棒	1	0.001	
3000596	許仙六	1	0.001	
3000597	阿許皓鋐	1	0.001	
3000598	陸抖黎狸	1	0.001	
3000599	佩甄斎藤	1	0.001	
3000600	蘇膠日	1	0.001	
3000601	紅正臉	1	0.001	
3000602	營飬	1	0.001	
3000603	侖寶	1	0.001	
3000604	黑框鏡	1	0.001	
3000605	婦門	1	0.001	
3000606	陳美賢	1	0.001	
3000607	安風骨	1	0.001	
3000608	普塑	1	0.001	
3000609	塑里	1	0.001	
3000610	張齡予恩	1	0.001	
3000611	思恩兒	1	0.001	
3000612	袁超正	1	0.001	
3000613	黃奕清秀	1	0.001	
3000614	過門婆	1	0.001	
3000615	球條	1	0.001	
3000616	遺味	1	0.001	
3000617	正妹兵	1	0.001	
3000618	梗腿	1	0.001	
3000619	新竹梗	1	0.001	
3000620	人妻表	1	0.001	
3000621	彭彭柔柔	1	0.001	
3000622	臥蠶挺胸	1	0.001	
3000623	股土味	1	0.001	
3000624	華神人	1	0.001	
3000625	陈紫	1	0.001	
3000626	涼子式	1	0.001	
3000627	超門	1	0.001	
3000628	夢蘋	1	0.001	
3000629	櫻空推	1	0.001	
3000630	小巧靈瓏	1	0.001	
3000631	芝皓	1	0.001	
3000632	大柚	1	0.001	
3000633	持酒	1	0.001	
3000634	隨葬	1	0.001	
3000635	玉璜	1	0.001	
3000636	莫介推	1	0.001	
3000637	內田有紀嬸	1	0.001	
3000638	崇哥	1	0.001	
3000639	內田柏原	1	0.001	
3000640	後代神	1	0.001	
3000641	表尻版	1	0.001	
3000642	超能婦	1	0.001	
3000643	確實正正	1	0.001	
3000644	香女乃	1	0.001	
3000645	能力水	1	0.001	
3000646	鐵寶拉德寶拉	1	0.001	
3000647	觀世音道	1	0.001	
3000648	丸内未来	1	0.001	
3000649	超齡台	1	0.001	
3000650	普腋	1	0.001	
3000651	大麼	1	0.001	
3000652	捨推	1	0.001	
3000653	胸姬	1	0.001	
3000654	越看	1	0.001	
3000655	漂亮醬	1	0.001	
3000656	香佳儀香	1	0.001	
3000657	球杆長	1	0.001	
3000658	人妖類	1	0.001	
3000659	孟德媽	1	0.001	
3000660	張宇超	1	0.001	
3000661	關羽操	1	0.001	
3000662	正鼻女	1	0.001	
3000663	高國臉	1	0.001	
3000664	俊勒	1	0.001	
3000665	黑丰	1	0.001	
3000666	骷顱皮	1	0.001	
3000667	黑息	1	0.001	
3000668	正蠻	1	0.001	
3000669	神墨鏡	1	0.001	
3000670	肥婆男	1	0.001	
3000671	奶姨	1	0.001	
3000672	姨嬸嬸	1	0.001	
3000673	垂正	1	0.001	
3000674	美樂芙	1	0.001	
3000675	黑髮瑜	1	0.001	
3000676	婆貧乳	1	0.001	
3000677	變蛋皮	1	0.001	
3000678	性梨	1	0.001	
3000679	唄姬門	1	0.001	
3000680	李求門	1	0.001	
3000681	神粒	1	0.001	
3000682	張凱潔	1	0.001	
3000683	好東雲	1	0.001	
3000684	柔柚	1	0.001	
3000685	椰果清原	1	0.001	
3000686	椰果清	1	0.001	
3000687	宇智波喵	1	0.001	
3000688	油糠	1	0.001	
3000689	噴泉哥	1	0.001	
3000690	奧溼卡	1	0.001	
3000691	搖騎	1	0.001	
3000692	雷姆斯汀耶	1	0.001	
3000693	箴言樓	1	0.001	
3000694	奶樓圖	1	0.001	
3000695	岔氣樓	1	0.001	
3000696	泉田	1	0.001	
3000697	姨內	1	0.001	
3000698	肉芽臉	1	0.001	
3000699	高管輩	1	0.001	
3000700	棕瑞	1	0.001	
3000701	水中央	1	0.001	
3000702	劍戲	1	0.001	
3000703	霸王叉	1	0.001	
3000704	太順樓	1	0.001	
3000705	正優求	1	0.001	
3000706	傻眼妹	1	0.001	
3000707	刺草	1	0.001	
3000708	滴圓圓	1	0.001	
3000709	佛尺杯	1	0.001	
3000710	拂佛	1	0.001	
3000711	色我	1	0.001	
3000712	桃花痣	1	0.001	
3000713	豪大亦伸	1	0.001	
3000714	衍熾會	1	0.001	
3000715	美優紀	1	0.001	
3000716	路姬	1	0.001	
3000717	香球網	1	0.001	
3000718	王子寧	1	0.001	
3000719	勃肯區	1	0.001	
3000720	賴清德功	1	0.001	
3000721	沙贊成	1	0.001	
3000722	狐狸包乾	1	0.001	
3000723	大丈母	1	0.001	
3000724	薯文	1	0.001	
3000725	嚇薯人	1	0.001	
3000726	貓梗圖	1	0.001	
3000727	奶秋	1	0.001	
3000728	忙內真香	1	0.001	
3000729	裡頭髮	1	0.001	
3000730	忙內好美	1	0.001	
3000731	門棒	1	0.001	
3000732	正陰	1	0.001	
3000733	企劃片	1	0.001	
3000734	小多綠	1	0.001	
3000735	阿芙羅	1	0.001	
3000736	白正大	1	0.001	
3000737	回甘江國賓	1	0.001	
3000738	田麗郁方	1	0.001	
3000739	勾遠勝	1	0.001	
3000740	暗黑藏	1	0.001	
3000741	驚隱	1	0.001	
3000742	曾子綾	1	0.001	
3000743	季念潔	1	0.001	
3000744	周孟萱	1	0.001	
3000745	白洋魯	1	0.001	
3000746	巫某	1	0.001	
3000747	骷髏張	1	0.001	
3000748	排骨求門	1	0.001	
3000749	曹蛙	1	0.001	
3000750	卡題諾	1	0.001	
3000751	殘編	1	0.001	
3000752	珍珍腿	1	0.001	
3000753	藍綾	1	0.001	
3000754	真候	1	0.001	
3000755	黑累	1	0.001	
3000756	傅月池	1	0.001	
3000757	大加哥	1	0.001	
3000758	海德里安	1	0.001	
3000759	射列	1	0.001	
3000760	老讞	1	0.001	
3000761	飽妮貨	1	0.001	
3000762	尋寶網	1	0.001	
3000763	頂正	1	0.001	
3000764	瞎妹化	1	0.001	
3000765	老華寶	1	0.001	
3000766	臉李	1	0.001	
3000767	蹦冰	1	0.001	
3000768	啦欠	1	0.001	
3000769	彩花包	1	0.001	
3000770	踩華	1	0.001	
3000771	耶牙	1	0.001	
3000772	伊藤萬理華	1	0.001	
3000773	邑噗滋	1	0.001	
3000774	頂米可白	1	0.001	
3000775	王桑羽咲	1	0.001	
3000776	三宮春	1	0.001	
3000777	原仁科	1	0.001	
3000778	大漾	1	0.001	
3000779	羊腸白朱	1	0.001	
3000780	林俐霏	1	0.001	
3000781	金城武雞	1	0.001	
3000782	蒼木	1	0.001	
3000783	阿尼嘎	1	0.001	
3000784	速面拿度	1	0.001	
3000785	陰毛師	1	0.001	
3000786	林思橙	1	0.001	
3000787	牙界	1	0.001	
3000788	濾鏡婆	1	0.001	
3000789	旺夫相	1	0.001	
3000790	臥欠	1	0.001	
3000791	慈變	1	0.001	
3000792	慈明明	1	0.001	
3000793	南義臉	1	0.001	
3000794	製舞	1	0.001	
3000795	丹利葛格	1	0.001	
3000796	白平平	1	0.001	
3000797	賽隆感	1	0.001	
3000798	鷺尾	1	0.001	
3000799	武城雞	1	0.001	
3000800	雞承五	1	0.001	
3000801	頂配有	1	0.001	
3000802	鳶尾芽衣	1	0.001	
3000803	啊雞	1	0.001	
3000804	讚拿懶比	1	0.001	
3000805	鷲尾讚	1	0.001	
3000806	自挑戰	1	0.001	
3000807	美霸凌	1	0.001	
3000808	阿阿阿正	1	0.001	
3000809	虾肉	1	0.001	
3000810	宗親會員	1	0.001	
3000811	五官張	1	0.001	
3000812	夢得	1	0.001	
3000813	李尹萱	1	0.001	
3000814	於婕	1	0.001	
3000815	媚超	1	0.001	
3000816	慧米	1	0.001	
3000817	雞怜	1	0.001	
3000818	伶寶	1	0.001	
3000819	富江腿	1	0.001	
3000820	顏藝強	1	0.001	
3000821	太鳥仔	1	0.001	
3000822	腳兪	1	0.001	
3000823	高紅氨	1	0.001	
3000824	瑰寶片	1	0.001	
3000825	阿麗肉	1	0.001	
3000826	狂刪圖	1	0.001	
3000827	麥葛安	1	0.001	
3000828	規響	1	0.001	
3000829	厲害了	1	0.001	
3000830	內內子	1	0.001	
3000831	大柏芝	1	0.001	
3000832	不忍多說	1	0.001	
3000833	曬鮑鮑	1	0.001	
3000834	形妹	1	0.001	
3000835	潼仁	1	0.001	
3000836	密手	1	0.001	
3000837	醜小三小	1	0.001	
3000838	巧芯餅	1	0.001	
3000839	友馬加奈	1	0.001	
3000840	影乳	1	0.001	
3000841	哈哈飯	1	0.001	
3000842	張錦程人	1	0.001	
3000843	放等	1	0.001	
3000844	奶鬼門關	1	0.001	
3000845	臥蠶奶	1	0.001	
3000846	小黃塊	1	0.001	
3000847	駕馭裝	1	0.001	
3000848	正為	1	0.001	
3000849	貝莉梅讚	1	0.001	
3000850	阿義哥	1	0.001	
3000851	阿丹鳳眼	1	0.001	
3000852	奧迪元	1	0.001	
3000853	挑介	1	0.001	
3000854	小补	1	0.001	
3000855	順轟	1	0.001	
3000856	老咩奶	1	0.001	
3000857	好行毋	1	0.001	
3000858	旱國人	1	0.001	
3000859	眾生臉	1	0.001	
3000860	神盾軍	1	0.001	
3000861	老麥勒包提斯塔蹦	1	0.001	
3000862	深深溝	1	0.001	
3000863	大怡叡	1	0.001	
3000864	大林鳳營	1	0.001	
3000865	露槓	1	0.001	
3000866	史黛滷	1	0.001	
3000867	正月付	1	0.001	
3000868	信姐系	1	0.001	
3000869	寶翠亨	1	0.001	
3000870	吸毒雞	1	0.001	
3000871	腿庫讚	1	0.001	
3000872	拜金味	1	0.001	
3000873	頭姬	1	0.001	
3000874	麵包婆	1	0.001	
3000875	大推婆	1	0.001	
3000876	落枕風	1	0.001	
3000877	肥腋	1	0.001	
3000878	賈上	1	0.001	
3000879	小迪耶	1	0.001	
3000880	嘎奶村	1	0.001	
3000881	爪史	1	0.001	
3000882	洗迪奇	1	0.001	
3000883	嘶嘶尻	1	0.001	
3000884	湘美	1	0.001	
3000885	藍語辰	1	0.001	
3000886	危貓貓	1	0.001	
3000887	衣服廠	1	0.001	
3000888	正淘氣	1	0.001	
3000889	鄭家榆天心	1	0.001	
3000890	正宿	1	0.001	
3000891	瑪卡巴卡推	1	0.001	
3000892	田麗正	1	0.001	
3000893	川口葵	1	0.001	
3000894	肥美感	1	0.001	
3000895	眼殘截圖	1	0.001	
3000896	小劉在錫	1	0.001	
3000897	哈勇推	1	0.001	
3000898	恩波蜜	1	0.001	
3000899	崔斯坦娜	1	0.001	
3000900	地高音	1	0.001	
3000901	曹又正	1	0.001	
3000902	洪仙	1	0.001	
3000903	禪參	1	0.001	
3000904	耶快樂	1	0.001	
3000905	姚媽	1	0.001	
3000906	齊時	1	0.001	
3000907	郭佳佳	1	0.001	
3000908	特寫場	1	0.001	
3000909	幼齒愛理	1	0.001	
3000910	鈴木鈴村	1	0.001	
3000911	陳方妤	1	0.001	
3000912	仙豪	1	0.001	
3000913	求門行	1	0.001	
3000914	頂置頂	1	0.001	
3000915	除頭	1	0.001	
3000916	呢腋	1	0.001	
3000917	竹竹卡	1	0.001	
3000918	塑化系	1	0.001	
3000919	超仙婆	1	0.001	
3000920	愛心婆	1	0.001	
3000921	好險賴	1	0.001	
3000922	小蓉包	1	0.001	
3000923	蓉包	1	0.001	
3000924	小攻舉	1	0.001	
3000925	噓下去	1	0.001	
3000926	阿愚人	1	0.001	
3000927	凶版	1	0.001	
3000928	婆罡	1	0.001	
3000929	沃草哥	1	0.001	
3000930	竹派	1	0.001	
3000931	天生麗質感	1	0.001	
3000932	吉高宮下	1	0.001	
3000933	姨味門	1	0.001	
3000934	下巴儀	1	0.001	
3000935	諪色	1	0.001	
3000936	甜辣河	1	0.001	
3000937	飛曲	1	0.001	
3000938	勃害	1	0.001	
3000939	羅傑妹	1	0.001	
3000940	正胸	1	0.001	
3000941	萬華臉	1	0.001	
3000942	森分證	1	0.001	
3000943	桌縫	1	0.001	
3000944	晨映	1	0.001	
3000945	姜幂	1	0.001	
3000946	超彈動圖	1	0.001	
3000947	前張	1	0.001	
3000948	桐谷茉莉赤	1	0.001	
3000949	腳路人	1	0.001	
3000950	文地味	1	0.001	
3000951	頂溢	1	0.001	
3000952	柴崎熊	1	0.001	
3000953	熊婆	1	0.001	
3000954	熊一生	1	0.001	
3000955	甲奈	1	0.001	
3000956	熊嬸	1	0.001	
3000957	超色假	1	0.001	
3000958	爆牙界	1	0.001	
3000959	凌小	1	0.001	
3000960	游讚讚	1	0.001	
3000961	垂垂香	1	0.001	
3000962	遮擺	1	0.001	
3000963	阿勒邱	1	0.001	
3000964	金價街	1	0.001	
3000965	中村一葉正個	1	0.001	
3000966	黃蓉美	1	0.001	
3000967	讚蓉	1	0.001	
3000968	正中劇版	1	0.001	
3000969	雪蕊	1	0.001	
3000970	超正包	1	0.001	
3000971	大又正	1	0.001	
3000972	寧莎莎	1	0.001	
3000973	甄莉寧寧	1	0.001	
3000974	冷秀彬	1	0.001	
3000975	香警	1	0.001	
3000976	翁慧德	1	0.001	
3000977	超正兔	1	0.001	
3000978	邱才	1	0.001	
3000979	微肉界	1	0.001	
3000980	忙內無誤	1	0.001	
3000981	本田讚	1	0.001	
3000982	延麵姐	1	0.001	
3000983	阿麵姊	1	0.001	
3000984	賴可超	1	0.001	
3000985	賴可推	1	0.001	
3000986	賴可香月巴	1	0.001	
3000987	大菊地奶	1	0.001	
3000988	宗師樓	1	0.001	
3000989	昏大	1	0.001	
3000990	扣頭粉	1	0.001	
3000991	松本潤正	1	0.001	
3000992	現兒	1	0.001	
3000993	奈緒威傅	1	0.001	
3000994	希表	1	0.001	
3000995	燈妹	1	0.001	
3000996	卡哇伊蛤	1	0.001	
3000997	相親劇	1	0.001	
3000998	規太	1	0.001	
3000999	橡谷村美月	1	0.001	
3001000	匈奴版	1	0.001	
3001001	阿瞞版	1	0.001	
3001002	謝重貼	1	0.001	
3001003	富邦蓓蓓	1	0.001	
3001004	戶田推	1	0.001	
3001005	超正總	1	0.001	
3001006	獨人島	1	0.001	
3001007	金小優	1	0.001	
3001008	溝塑	1	0.001	
3001009	速嬌人	1	0.001	
3001010	抱石妹	1	0.001	
3001011	淺田深田	1	0.001	
3001012	普正正	1	0.001	
3001013	天然無改	1	0.001	
3001014	讚風兒	1	0.001	
3001015	誤奶大	1	0.001	
3001016	分類奶	1	0.001	
3001017	表特跟	1	0.001	
3001018	網紅趴	1	0.001	
3001019	有心奶	1	0.001	
3001020	超短歲	1	0.001	
3001021	老心寶	1	0.001	
3001022	酒鬼女	1	0.001	
3001023	貴島正香	1	0.001	
3001024	美莎莎	1	0.001	
3001025	跟似鳥	1	0.001	
3001026	棒子兵	1	0.001	
3001027	圓髮	1	0.001	
3001028	周婕綸	1	0.001	
3001029	夜相綸	1	0.001	
3001030	摩添綸	1	0.001	
3001031	正輪班	1	0.001	
3001032	金絲妹	1	0.001	
3001033	痴呆感	1	0.001	
3001034	白人音	1	0.001	
3001035	莫彩色	1	0.001	
3001036	加菜糖	1	0.001	
3001037	肉達	1	0.001	
3001038	尿潤爽	1	0.001	
3001039	葵石奶	1	0.001	
3001040	夢網	1	0.001	
3001041	合成奶	1	0.001	
3001042	塑歪	1	0.001	
3001043	超頂魚	1	0.001	
3001044	霄虎南	1	0.001	
3001045	許家毓	1	0.001	
3001046	普暈	1	0.001	
3001047	推仙	1	0.001	
3001048	關之	1	0.001	
3001049	琳門	1	0.001	
3001050	鬥爾	1	0.001	
3001051	乳道	1	0.001	
3001052	絕品號	1	0.001	
3001053	勝襄菸	1	0.001	
3001054	紫庭藍	1	0.001	
3001055	健康操仔	1	0.001	
3001056	冬柚組	1	0.001	
3001057	嫻絲人組	1	0.001	
3001058	嘎仙	1	0.001	
3001059	概念仙	1	0.001	
3001060	超仙好	1	0.001	
3001061	昔讚	1	0.001	
3001062	七澤臉	1	0.001	
3001063	泰模	1	0.001	
3001064	嵜崎	1	0.001	
3001065	歐歐豪	1	0.001	
3001066	翼舞翼舞	1	0.001	
3001067	翁子婷	1	0.001	
3001068	出入章	1	0.001	
3001069	夏榮正	1	0.001	
3001070	鄧佳華門	1	0.001	
3001071	唉牙嚓	1	0.001	
3001072	嚇倒軟	1	0.001	
3001073	襄海	1	0.001	
3001074	婆哩	1	0.001	
3001075	子宮肉肉	1	0.001	
3001076	成日燒	1	0.001	
3001077	腿兪	1	0.001	
3001078	葉蛋蛋	1	0.001	
3001079	愛雪莉	1	0.001	
3001080	老潼寶	1	0.001	
3001081	老潼	1	0.001	
3001082	雙標怪	1	0.001	
3001083	大井藍	1	0.001	
3001084	正三斤	1	0.001	
3001085	肉彈型	1	0.001	
3001086	仙女仙	1	0.001	
3001087	華航樓	1	0.001	
3001088	勾正	1	0.001	
3001089	超推樓	1	0.001	
3001090	方型奶	1	0.001	
3001091	抱枕藏	1	0.001	
3001092	七七七八	1	0.001	
3001093	鹽漢操	1	0.001	
3001094	仙山豪大	1	0.001	
3001095	合看成	1	0.001	
3001096	超比例	1	0.001	
3001097	派克讚	1	0.001	
3001098	艾蜜莉布朗讚	1	0.001	
3001099	次方讚	1	0.001	
3001100	猴腮煙	1	0.001	
3001101	香翻天	1	0.001	
3001102	眼屎妝	1	0.001	
3001103	安普妹	1	0.001	
3001104	松本靠北	1	0.001	
3001105	辰婆	1	0.001	
3001106	貧版	1	0.001	
3001107	濃毛系	1	0.001	
3001108	瘦感	1	0.001	
3001109	希志希	1	0.001	
3001110	希志希美	1	0.001	
3001111	希戰士	1	0.001	
3001112	希島以辰	1	0.001	
3001113	希家軍	1	0.001	
3001114	老女感	1	0.001	
3001115	乳神級	1	0.001	
3001116	世紀婆	1	0.001	
3001117	悠思垂	1	0.001	
3001118	走召糸	1	0.001	
3001119	馬蚤木	1	0.001	
3001120	亟至夊	1	0.001	
3001121	仙嘴	1	0.001	
3001122	菜港仔	1	0.001	
3001123	雕影	1	0.001	
3001124	教主樓	1	0.001	
3001125	朱鷺冠	1	0.001	
3001126	嘎棒	1	0.001	
3001127	蘇湖門	1	0.001	
3001128	大是社	1	0.001	
3001129	神敬介	1	0.001	
3001130	瑪吉阿尼	1	0.001	
3001131	瑪卡八卡	1	0.001	
3001132	金城武幫	1	0.001	
3001133	放奶	1	0.001	
3001134	舔正	1	0.001	
3001135	門肉	1	0.001	
3001136	欣酉	1	0.001	
3001137	菜塑	1	0.001	
3001138	愛怜醬	1	0.001	
3001139	小籠包醬	1	0.001	
3001140	正下巴	1	0.001	
3001141	陳為民加奈	1	0.001	
3001142	奶底線	1	0.001	
3001143	踢波	1	0.001	
3001144	超頂吧	1	0.001	
3001145	癟門	1	0.001	
3001146	香肃雨雨雨	1	0.001	
3001147	陳凝尻	1	0.001	
3001148	椎名由奈空哥	1	0.001	
3001149	同拍片	1	0.001	
3001150	月雲吧社	1	0.001	
3001151	夢奶石	1	0.001	
3001152	乃筱田	1	0.001	
3001153	章東西	1	0.001	
3001154	夢乃幹	1	0.001	
3001155	天羽樓	1	0.001	
3001156	卿卿光	1	0.001	
3001157	三原穗	1	0.001	
3001158	窩秀	1	0.001	
3001159	官婉婷	1	0.001	
3001160	練正	1	0.001	
3001161	肉彈妹	1	0.001	
3001162	睿書	1	0.001	
3001163	崔兔兔	1	0.001	
3001164	發泡澡	1	0.001	
3001165	腳腳照	1	0.001	
3001166	歐弟圖	1	0.001	
3001167	小宵樓	1	0.001	
3001168	虎南妹	1	0.001	
3001169	昏爛	1	0.001	
3001170	奶黎	1	0.001	
3001171	雪炫正	1	0.001	
3001172	油娜	1	0.001	
3001173	特籃	1	0.001	
3001174	黃士牌	1	0.001	
3001175	綜合網	1	0.001	
3001176	韓國籃	1	0.001	
3001177	色色子	1	0.001	
3001178	讚不就	1	0.001	
3001179	三上悠亞美	1	0.001	
3001180	跳秀秀	1	0.001	
3001181	雙丸頭	1	0.001	
3001182	偷塞唄姬	1	0.001	
3001183	實熊姐	1	0.001	
3001184	銅雀臺帝寶	1	0.001	
3001185	有錢讚	1	0.001	
3001186	淡妝刷	1	0.001	
3001187	竹碼	1	0.001	
3001188	芭比原	1	0.001	
3001189	女巫婆	1	0.001	
3001190	癱整	1	0.001	
3001191	兆妤	1	0.001	
3001192	咖啡氣	1	0.001	
3001193	編舞者	1	0.001	
3001194	狗狗表	1	0.001	
3001195	嘎呢	1	0.001	
3001196	堅桑	1	0.001	
3001197	王羲之桑	1	0.001	
3001198	正健康美	1	0.001	
3001199	求載	1	0.001	
3001200	張小筑	1	0.001	
3001201	小筑兒	1	0.001	
3001202	桃乃木讚	1	0.001	
3001203	勒騷	1	0.001	
3001204	亂正	1	0.001	
3001205	念愁	1	0.001	
3001206	石川超正	1	0.001	
3001207	阿太襄	1	0.001	
3001208	阿斯殼	1	0.001	
3001209	蕎蔫	1	0.001	
3001210	大彩花	1	0.001	
3001211	田中檸	1	0.001	
3001212	李林籃	1	0.001	
3001213	真襄李	1	0.001	
3001214	李籃	1	0.001	
3001215	千里籃會	1	0.001	
3001216	乃丘	1	0.001	
3001217	大正大	1	0.001	
3001218	台政成	1	0.001	
3001219	捲舌蛤	1	0.001	
3001220	貼走	1	0.001	
3001221	揍正	1	0.001	
3001222	濾塞	1	0.001	
3001223	美心款	1	0.001	
3001224	便便賽	1	0.001	
3001225	便便片	1	0.001	
3001226	丹生明里尼	1	0.001	
3001227	門空姐	1	0.001	
3001228	嗚尾	1	0.001	
3001229	天龍集	1	0.001	
3001230	選片王	1	0.001	
3001231	粉劍雨	1	0.001	
3001232	兩力門	1	0.001	
3001233	風品粉	1	0.001	
3001234	艾莉莎莎支	1	0.001	
3001235	超頂坐	1	0.001	
3001236	斯拉夫妹	1	0.001	
3001237	好色肉	1	0.001	
3001238	書莉	1	0.001	
3001239	甲餒	1	0.001	
3001240	宿舍妹	1	0.001	
3001241	艾白滾	1	0.001	
3001242	匚匕	1	0.001	
3001243	學士部	1	0.001	
3001244	祝福妹	1	0.001	
3001245	林小鹿	1	0.001	
3001246	推正正正	1	0.001	
3001247	班長長	1	0.001	
3001248	呼超正	1	0.001	
3001249	呼子路	1	0.001	
3001250	答超	1	0.001	
3001251	祉攸	1	0.001	
3001252	顏風	1	0.001	
3001253	阿門支那人	1	0.001	
3001254	東條時田	1	0.001	
3001255	亞美妹	1	0.001	
3001256	河北真香	1	0.001	
3001257	米雪優吐捨斗	1	0.001	
3001258	超頂推	1	0.001	
3001259	水正	1	0.001	
3001260	愛妮妮妮	1	0.001	
3001261	超正水	1	0.001	
3001262	尬正	1	0.001	
3001263	服吉	1	0.001	
3001264	籠豬鴨	1	0.001	
3001265	桃席	1	0.001	
3001266	東咩條	1	0.001	
3001267	套裝圖	1	0.001	
3001268	叉評	1	0.001	
3001269	珍奶表特	1	0.001	
3001270	北拜超	1	0.001	
3001271	正鏡子	1	0.001	
3001272	結衣感	1	0.001	
3001273	左腳底	1	0.001	
3001274	目干照	1	0.001	
3001275	正義美	1	0.001	
3001276	一點音	1	0.001	
3001277	動畫聲	1	0.001	
3001278	妹醬	1	0.001	
3001279	天然樓	1	0.001	
3001280	卡弟弟	1	0.001	
3001281	神鵰星	1	0.001	
3001282	思思腿	1	0.001	
3001283	潔米安娜	1	0.001	
3001284	凪醬	1	0.001	
3001285	扯擠	1	0.001	
3001286	采源采	1	0.001	
3001287	香采寶	1	0.001	
3001288	可愛金	1	0.001	
3001289	輸籃	1	0.001	
3001290	劇情派給	1	0.001	
3001291	前輩婆	1	0.001	
3001292	黑絲超	1	0.001	
3001293	籃嬸	1	0.001	
3001294	豔妝	1	0.001	
3001295	無心仔	1	0.001	
3001296	林可者	1	0.001	
3001297	大超仙	1	0.001	
3001298	香壯	1	0.001	
3001299	提出征	1	0.001	
3001300	那些正	1	0.001	
3001301	可電	1	0.001	
3001302	威武其實	1	0.001	
3001303	池姊	1	0.001	
3001304	天然門	1	0.001	
3001305	純優	1	0.001	
3001306	貢胯	1	0.001	
3001307	厲導	1	0.001	
3001308	噓門	1	0.001	
3001309	筍生	1	0.001	
3001310	山殘	1	0.001	
3001311	阿雞推	1	0.001	
3001312	爭美	1	0.001	
3001313	普君白	1	0.001	
3001314	紅方幫	1	0.001	
3001315	孫生有	1	0.001	
3001316	苡莉	1	0.001	
3001317	安齋感	1	0.001	
3001318	運治	1	0.001	
3001319	依依感	1	0.001	
3001320	歐盆勒豆爾	1	0.001	
3001321	荷拉蠭	1	0.001	
3001322	哈姆荷拉	1	0.001	
3001323	乃木戀	1	0.001	
3001324	肉婆	1	0.001	
3001325	加油噫	1	0.001	
3001326	陳沐青	1	0.001	
3001327	普正超	1	0.001	
3001328	峽小	1	0.001	
3001329	醜鬼月	1	0.001	
3001330	瑞絲薇朋	1	0.001	
3001331	涼相	1	0.001	
3001332	被腿庫	1	0.001	
3001333	嗚多惠	1	0.001	
3001334	霓多慧	1	0.001	
3001335	巔巔巔	1	0.001	
3001336	巨人蜜	1	0.001	
3001337	無敵腿	1	0.001	
3001338	采源派	1	0.001	
3001339	換頭人	1	0.001	
3001340	磨雞	1	0.001	
3001341	安齋拉	1	0.001	
3001342	本庄瞳	1	0.001	
3001343	地球人帥	1	0.001	
3001344	雙十年華	1	0.001	
3001345	青筋肉	1	0.001	
3001346	超肉讚	1	0.001	
3001347	戀渕淵	1	0.001	
3001348	愛希莉	1	0.001	
3001349	林可釣	1	0.001	
3001350	雙標趴	1	0.001	
3001351	李家予	1	0.001	
3001352	安娜瘦嘎	1	0.001	
3001353	頂石田三成	1	0.001	
3001354	胸肌感	1	0.001	
3001355	羽沛	1	0.001	
3001356	丹瑞希	1	0.001	
3001357	梓梓香慧	1	0.001	
3001358	丹呢	1	0.001	
3001359	虹安峮	1	0.001	
3001360	莉亞龔龔其嘉	1	0.001	
3001361	沃腴	1	0.001	
3001362	命肉感	1	0.001	
3001363	凹落髮	1	0.001	
3001364	本雅	1	0.001	
3001365	蛤豚鼠	1	0.001	
3001366	砸看	1	0.001	
3001367	普支	1	0.001	
3001368	大叔色胚	1	0.001	
3001369	筍子奶	1	0.001	
3001370	手竹筍奶	1	0.001	
3001371	尖筍型	1	0.001	
3001372	紫散	1	0.001	
3001373	黑衣讚	1	0.001	
3001374	立體成	1	0.001	
3001375	月埜	1	0.001	
3001376	丘尼哥	1	0.001	
3001377	讚瘦	1	0.001	
3001378	立是	1	0.001	
3001379	阿搬磚	1	0.001	
3001380	海女臉	1	0.001	
3001381	想不得不	1	0.001	
3001382	哈蕾路亞	1	0.001	
3001383	司長澤梓	1	0.001	
3001384	截圖葉	1	0.001	
3001385	掛業	1	0.001	
3001386	啦案	1	0.001	
3001387	肥奈讚	1	0.001	
3001388	蔡衣辰宸	1	0.001	
3001389	正航母	1	0.001	
3001390	木木臉	1	0.001	
3001391	排寫真	1	0.001	
3001392	向總	1	0.001	
3001393	熟人行	1	0.001	
3001394	洗迪	1	0.001	
3001395	柚萱	1	0.001	
3001396	邵邵第可蕎	1	0.001	
3001397	瑞咪瑞咪	1	0.001	
3001398	老蟻女	1	0.001	
3001399	降魔讚	1	0.001	
3001400	聽話符	1	0.001	
3001401	門奶奶	1	0.001	
3001402	正猛	1	0.001	
3001403	全副武妝	1	0.001	
3001404	比架乃正	1	0.001	
3001405	架乃推	1	0.001	
3001406	博弈展	1	0.001	
3001407	凱渥依林	1	0.001	
3001408	江江讚	1	0.001	
3001409	五倍恤	1	0.001	
3001410	巴龍臉	1	0.001	
3001411	鰻九	1	0.001	
3001412	推乃子	1	0.001	
3001413	安俗	1	0.001	
3001414	關洛茵	1	0.001	
3001415	呂語弟	1	0.001	
3001416	楊羽霓	1	0.001	
3001417	六姬	1	0.001	
3001418	譽老	1	0.001	
3001419	普老周	1	0.001	
3001420	普月經文	1	0.001	
3001421	章孟超	1	0.001	
3001422	零冠哥	1	0.001	
3001423	分刷仔	1	0.001	
3001424	丹瑪利	1	0.001	
3001425	喔正	1	0.001	
3001426	怎白	1	0.001	
3001427	吖麻	1	0.001	
3001428	斯斯西門	1	0.001	
3001429	權呆	1	0.001	
3001430	俞利正正	1	0.001	
3001431	俞利月	1	0.001	
3001432	小小莓	1	0.001	
3001433	幻龍兒	1	0.001	
3001434	白衣臉	1	0.001	
3001435	母豬色	1	0.001	
3001436	孩子戀渕	1	0.001	
3001437	吹騎	1	0.001	
3001438	存在戀	1	0.001	
3001439	劉讚	1	0.001	
3001440	克里絲汀貝爾	1	0.001	
3001441	連涎鎮	1	0.001	
3001442	左允兒可愛	1	0.001	
3001443	小三奇	1	0.001	
3001444	表特鳥	1	0.001	
3001445	阿有門	1	0.001	
3001446	分擺拍	1	0.001	
3001447	奈歐米華茲	1	0.001	
3001448	詩賢	1	0.001	
3001449	金諾珍	1	0.001	
3001450	韓國偉	1	0.001	
3001451	料香帥	1	0.001	
3001452	虛擬婆	1	0.001	
3001453	酒瓶版	1	0.001	
3001454	大許效舜	1	0.001	
3001455	馬甲呦	1	0.001	
3001456	莉莉寶	1	0.001	
3001457	老天呀	1	0.001	
3001458	乳溝門	1	0.001	
3001459	貴貴婆	1	0.001	
3001460	齙牙珍	1	0.001	
3001461	貴貴派	1	0.001	
3001462	三粿粿	1	0.001	
3001463	安狀	1	0.001	
3001464	垂推	1	0.001	
3001465	上田操	1	0.001	
3001466	德川次	1	0.001	
3001467	李瑜瑛	1	0.001	
3001468	陳伊美	1	0.001	
3001469	滾田	1	0.001	
3001470	拉拉吐	1	0.001	
3001471	澎澎蛤	1	0.001	
3001472	反股	1	0.001	
3001473	便秘色	1	0.001	
3001474	滿業	1	0.001	
3001475	幣逆	1	0.001	
3001476	李他妹	1	0.001	
3001477	唐老妹	1	0.001	
3001478	小奶木	1	0.001	
3001479	好看奶	1	0.001	
3001480	香吃貨	1	0.001	
3001481	老化中	1	0.001	
3001482	宇都宮一生	1	0.001	
3001483	婆爛樓	1	0.001	
3001484	奶特仔	1	0.001	
3001485	喵喵婆	1	0.001	
3001486	天生獨厚	1	0.001	
3001487	羅南一	1	0.001	
3001488	黑讚	1	0.001	
3001489	斗內億	1	0.001	
3001490	臉蛋臉	1	0.001	
3001491	奶朴	1	0.001	
3001492	沈璧樹	1	0.001	
3001493	卜美月	1	0.001	
3001494	大報隊	1	0.001	
3001495	熊毓彤	1	0.001	
3001496	超瑟安海	1	0.001	
3001497	海瑟薇安	1	0.001	
3001498	貝魯琪	1	0.001	
3001499	斯推	1	0.001	
3001500	和平蛤	1	0.001	
3001501	阿肌膚	1	0.001	
3001502	推乓	1	0.001	
3001503	雪白肌	1	0.001	
3001504	日本海旋風	1	0.001	
3001505	飛翔技	1	0.001	
3001506	尾崎魔弓	1	0.001	
3001507	井上貴子	1	0.001	
3001508	香卡寶	1	0.001	
3001509	歴代級	1	0.001	
3001510	冬冬教	1	0.001	
3001511	醫美臉	1	0.001	
3001512	墜垂感	1	0.001	
3001513	義美臉	1	0.001	
3001514	超色大	1	0.001	
3001515	金山丈	1	0.001	
3001516	火遁推	1	0.001	
3001517	正港湖	1	0.001	
3001518	哥布林洨	1	0.001	
3001519	林櫟嫣	1	0.001	
3001520	瑪姬葛蕾絲	1	0.001	
3001521	卓卓吧	1	0.001	
3001522	眼罩文	1	0.001	
3001523	慘糊成	1	0.001	
3001524	佛篩	1	0.001	
3001525	菜閨	1	0.001	
3001526	甲芊芊	1	0.001	
3001527	胡求門	1	0.001	
3001528	高家瑜襄	1	0.001	
3001529	趙正妹	1	0.001	
3001530	放瞳術	1	0.001	
3001531	矯正妹	1	0.001	
3001532	水準質	1	0.001	
3001533	發哥大型	1	0.001	
3001534	白色物	1	0.001	
3001535	打飯桶	1	0.001	
3001536	斑棒	1	0.001	
3001537	支言支語美	1	0.001	
3001538	感考	1	0.001	
3001539	山田廣之	1	0.001	
3001540	正大行	1	0.001	
3001541	丹威武	1	0.001	
3001542	丹超普	1	0.001	
3001543	健走女	1	0.001	
3001544	太網美	1	0.001	
3001545	不行正	1	0.001	
3001546	林襄淨	1	0.001	
3001547	奶督	1	0.001	
3001548	可能業	1	0.001	
3001549	五月刊	1	0.001	
3001550	阿婆葉	1	0.001	
3001551	多少年級	1	0.001	
3001552	斯臉普	1	0.001	
3001553	譽稱	1	0.001	
3001554	阿樂比	1	0.001	
3001555	圖抱	1	0.001	
3001556	腫朔	1	0.001	
3001557	神正娜塔	1	0.001	
3001558	戴安克魯格	1	0.001	
3001559	望乃	1	0.001	
3001560	奶坐	1	0.001	
3001561	蠔搭	1	0.001	
3001562	羅雜扣	1	0.001	
3001563	門葉	1	0.001	
3001564	八濾鏡	1	0.001	
3001565	大海葉	1	0.001	
3001566	頂木	1	0.001	
3001567	山菜媛熙讚	1	0.001	
3001568	下班無腦	1	0.001	
3001569	連結城	1	0.001	
3001570	妮妮讚	1	0.001	
3001571	肥仔垢	1	0.001	
3001572	正好用	1	0.001	
3001573	頂尻槍	1	0.001	
3001574	推陳予新	1	0.001	
3001575	老道學	1	0.001	
3001576	坤寶勒	1	0.001	
3001577	狗狗腿	1	0.001	
3001578	爆安狗	1	0.001	
3001579	奈緒婆	1	0.001	
3001580	狗仙	1	0.001	
3001581	阿部慕獅	1	0.001	
3001582	仙糖糖	1	0.001	
3001583	咕嚕人	1	0.001	
3001584	珠哈	1	0.001	
3001585	新韓團	1	0.001	
3001586	症肌	1	0.001	
3001587	開門值	1	0.001	
3001588	塑化型	1	0.001	
3001589	刀動	1	0.001	
3001590	整型形	1	0.001	
3001591	孕動型	1	0.001	
3001592	騷胸	1	0.001	
3001593	噁床	1	0.001	
3001594	筠熙	1	0.001	
3001595	霉肌	1	0.001	
3001596	短姨	1	0.001	
3001597	打扮裝	1	0.001	
3001598	殷悅超	1	0.001	
3001599	正田欣	1	0.001	
3001600	婆勿擾	1	0.001	
3001601	高流量劇	1	0.001	
3001602	大激凸	1	0.001	
3001603	劉啦	1	0.001	
3001604	竹竿路人	1	0.001	
3001605	克翔	1	0.001	
3001606	片岡修	1	0.001	
3001607	馬吉媽	1	0.001	
3001608	川瀬超	1	0.001	
3001609	愛竹內	1	0.001	
3001610	換日裡	1	0.001	
3001611	正爆推	1	0.001	
3001612	馬梨	1	0.001	
3001613	魔鬼女	1	0.001	
3001614	大咪摩爾	1	0.001	
3001615	阿常客	1	0.001	
3001616	門吾乃	1	0.001	
3001617	孟德美	1	0.001	
3001618	正雅婷	1	0.001	
3001619	哈拉莎莉	1	0.001	
3001620	和展元	1	0.001	
3001621	秋山翔子	1	0.001	
3001622	凱蒂蓓芮	1	0.001	
3001623	林可中	1	0.001	
3001624	梅西溫	1	0.001	
3001625	靤魚	1	0.001	
3001626	四葉草兒	1	0.001	
3001627	哈拉瑪莉王	1	0.001	
3001628	哈拉瑪莉摩登	1	0.001	
3001629	演變形	1	0.001	
3001630	安古鎮	1	0.001	
3001631	巴拿山讚	1	0.001	
3001632	卡艾巴	1	0.001	
3001633	喻文波樓	1	0.001	
3001634	阿朴珪瑛	1	0.001	
3001635	嗎芸寶	1	0.001	
3001636	門門王	1	0.001	
3001637	內內鬼	1	0.001	
3001638	圖勒祝	1	0.001	
3001639	求開門	1	0.001	
3001640	謝忻了	1	0.001	
3001641	帥哥白	1	0.001	
3001642	豪白	1	0.001	
3001643	原型塑	1	0.001	
3001644	方安	1	0.001	
3001645	拉經拉經波奈	1	0.001	
3001646	哦灣德佛	1	0.001	
3001647	凱蘭崔爾伊歐玟	1	0.001	
3001648	漁網衣	1	0.001	
3001649	雞城武讚	1	0.001	
3001650	奶婆婆	1	0.001	
3001651	優越樓	1	0.001	
3001652	瘋凱	1	0.001	
3001653	荷啤兒	1	0.001	
3001654	普郭	1	0.001	
3001655	仇刺仔臉	1	0.001	
3001656	乃特	1	0.001	
3001657	荷華人	1	0.001	
3001658	腫大版	1	0.001	
3001659	婆女家	1	0.001	
3001660	奶底褲	1	0.001	
3001661	特米斯托克利	1	0.001	
3001662	塑碗公	1	0.001	
3001663	谷嘴	1	0.001	
3001664	薩米拉米拉	1	0.001	
3001665	塗茂	1	0.001	
3001666	便屎	1	0.001	
3001667	羅斯羅	1	0.001	
3001668	竹內結	1	0.001	
3001669	仲里依二宮	1	0.001	
3001670	西榻取精	1	0.001	
3001671	池本池本	1	0.001	
3001672	基尼俄斯	1	0.001	
3001673	曝風	1	0.001	
3001674	石頭樓	1	0.001	
3001675	基努李維耶	1	0.001	
3001676	瀏海擋	1	0.001	
3001677	頹廢版	1	0.001	
3001678	筍基	1	0.001	
3001679	老腮鬍	1	0.001	
3001680	清秀好	1	0.001	
3001681	赫本迷	1	0.001	
3001682	蕭龍包	1	0.001	
3001683	真俞	1	0.001	
3001684	綺琦	1	0.001	
3001685	八啷	1	0.001	
3001686	金勾包銀	1	0.001	
3001687	翟翾桃之助	1	0.001	
3001688	中亚	1	0.001	
3001689	不能神	1	0.001	
3001690	菱角嘴	1	0.001	
3001691	雙魚堡	1	0.001	
3001692	路寶媽	1	0.001	
3001693	雙包媽	1	0.001	
3001694	維持好是	1	0.001	
3001695	山下從	1	0.001	
3001696	敲門臉	1	0.001	
3001697	臉仙	1	0.001	
3001698	渾圓度	1	0.001	
3001699	陳菊仙	1	0.001	
3001700	騎馬圖	1	0.001	
3001701	遙遙馬	1	0.001	
3001702	八字肉	1	0.001	
3001703	項門	1	0.001	
3001704	健身梗	1	0.001	
3001705	正熟	1	0.001	
3001706	施舒雅	1	0.001	
3001707	底容	1	0.001	
3001708	戒桃	1	0.001	
3001709	遮爾熬	1	0.001	
3001710	聖母盆地	1	0.001	
3001711	希倪千凌	1	0.001	
3001712	頂叫	1	0.001	
3001713	吐露西	1	0.001	
3001714	聖母山莊	1	0.001	
3001715	正幼版	1	0.001	
3001716	椰鯉	1	0.001	
3001717	小椰樓	1	0.001	
3001718	黃育憬	1	0.001	
3001719	伊曼阿布杜爾馬吉德	1	0.001	
3001720	神菊地	1	0.001	
3001721	口澤	1	0.001	
3001722	攝爆臉	1	0.001	
3001723	換臉文	1	0.001	
3001724	不單是	1	0.001	
3001725	謝欠	1	0.001	
3001726	大斡	1	0.001	
3001727	找耍	1	0.001	
3001728	硬妹	1	0.001	
3001729	沙發宅	1	0.001	
3001730	大豪乳	1	0.001	
3001731	橘花凜	1	0.001	
3001732	大高橋凜	1	0.001	
3001733	走整	1	0.001	
3001734	香鎖骨	1	0.001	
3001735	優素射	1	0.001	
3001736	江旻憓	1	0.001	
3001737	吳尊讚	1	0.001	
3001738	均均兒	1	0.001	
3001739	白高美正	1	0.001	
3001740	皮查萌正	1	0.001	
3001741	超胖界	1	0.001	
3001742	大小姨	1	0.001	
3001743	妹皇	1	0.001	
3001744	皮尺量杯	1	0.001	
3001745	芮熙	1	0.001	
3001746	蠟像門	1	0.001	
3001747	圖卡門	1	0.001	
3001748	蔡芳庭	1	0.001	
3001749	健康操隊	1	0.001	
3001750	練舞量	1	0.001	
3001751	身爆	1	0.001	
3001752	如何多惠	1	0.001	
3001753	曾黎俞飛鴻	1	0.001	
3001754	正恩史	1	0.001	
3001755	富察容音	1	0.001	
3001756	非緣勿擾	1	0.001	
3001757	於楚楚	1	0.001	
3001758	卡門乾	1	0.001	
3001759	普聖嫂	1	0.001	
3001760	奶粽	1	0.001	
3001761	娃娃粽	1	0.001	
3001762	化工粽	1	0.001	
3001763	鹼粽粽	1	0.001	
3001764	硼砂粽	1	0.001	
3001765	乳腹粽	1	0.001	
3001766	填充粽	1	0.001	
3001767	塑系	1	0.001	
3001768	塑肉粽	1	0.001	
3001769	矽膠粽	1	0.001	
3001770	人工粽	1	0.001	
3001771	塑食粽	1	0.001	
3001772	嘔瓜	1	0.001	
3001773	好多瓜	1	0.001	
3001774	虎宵	1	0.001	
3001775	援樓	1	0.001	
3001776	謝四樓	1	0.001	
3001777	好讚味	1	0.001	
3001778	求求證	1	0.001	
3001779	莫介	1	0.001	
3001780	演戲機	1	0.001	
3001781	惹梗	1	0.001	
3001782	六鋼	1	0.001	
3001783	摔老	1	0.001	
3001784	歲群	1	0.001	
3001785	表特支	1	0.001	
3001786	大瞇瞇	1	0.001	
3001787	歐同意	1	0.001	
3001788	陳品榛	1	0.001	
3001789	神黑衣	1	0.001	
3001790	單眼卡	1	0.001	
3001791	曹婷涵	1	0.001	
3001792	花虫	1	0.001	
3001793	古月虫	1	0.001	
3001794	殘美	1	0.001	
3001795	沒有家	1	0.001	
3001796	逃家是	1	0.001	
3001797	垂羚	1	0.001	
3001798	暴跌行	1	0.001	
3001799	炒襄	1	0.001	
3001800	姑奶	1	0.001	
3001801	推求門	1	0.001	
3001802	從妹	1	0.001	
3001803	醜派	1	0.001	
3001804	小倩派	1	0.001	
3001805	奈姬	1	0.001	
3001806	頂坐	1	0.001	
3001807	不氣味	1	0.001	
3001808	勾逼	1	0.001	
3001809	本霖	1	0.001	
3001810	了餒	1	0.001	
3001811	惹負推	1	0.001	
3001812	東東紫庭	1	0.001	
3001813	夢乃挖	1	0.001	
3001814	水噹	1	0.001	
3001815	變騷貨	1	0.001	
3001816	超頂翼舞	1	0.001	
3001817	絲絲翼舞	1	0.001	
3001818	直接圖	1	0.001	
3001819	芊郁	1	0.001	
3001820	正朵莉	1	0.001	
3001821	安海粉	1	0.001	
3001822	安柏瑟威	1	0.001	
3001823	海瑟薇休傑克曼金卡黛珊	1	0.001	
3001824	俏皮彈	1	0.001	
3001825	桃木大	1	0.001	
3001826	波波醬	1	0.001	
3001827	五倍璇	1	0.001	
3001828	盧廣誤	1	0.001	
3001829	嗎瑟琴	1	0.001	
3001830	超正多惠	1	0.001	
3001831	芝嬛	1	0.001	
3001832	統治界	1	0.001	
3001833	葉子葉	1	0.001	
3001834	張菁菁	1	0.001	
3001835	翁小柔	1	0.001	
3001836	工呼	1	0.001	
3001837	淫蕩版	1	0.001	
3001838	沈湧吟	1	0.001	
3001839	吳衣潔	1	0.001	
3001840	大退散	1	0.001	
3001841	吳清娥	1	0.001	
3001842	腋聞	1	0.001	
3001843	香又原	1	0.001	
3001844	拇指長	1	0.001	
3001845	傷眼臉	1	0.001	
3001846	克林奶	1	0.001	
3001847	正耐	1	0.001	
3001848	禹超	1	0.001	
3001849	彩綵冞	1	0.001	
3001850	快門車	1	0.001	
3001851	雪芙票	1	0.001	
3001852	香心凌	1	0.001	
3001853	進心凌	1	0.001	
3001854	扁掉灣	1	0.001	
3001855	汪波伊	1	0.001	
3001856	魏靖軒	1	0.001	
3001857	魏可人	1	0.001	
3001858	壓含	1	0.001	
3001859	金豆乳	1	0.001	
3001860	吱吱拉庫	1	0.001	
3001861	田蛙嬤	1	0.001	
3001862	李頂	1	0.001	
3001863	料兒時	1	0.001	
3001864	古川伊織仙	1	0.001	
3001865	黒澀會	1	0.001	
3001866	暗黑照	1	0.001	
3001867	神爪迷	1	0.001	
3001868	大真神人	1	0.001	
3001869	祖平哥海	1	0.001	
3001870	超正大原	1	0.001	
3001871	樂天筠嘻	1	0.001	
3001872	瑜妞	1	0.001	
3001873	河喵	1	0.001	
3001874	塑柱	1	0.001	
3001875	戀塑	1	0.001	
3001876	蘇森	1	0.001	
3001877	仙韓版	1	0.001	
3001878	反骨幫	1	0.001	
3001879	蕉誤	1	0.001	
3001880	奈大姬奈臉	1	0.001	
3001881	馮渝	1	0.001	
3001882	馮清大	1	0.001	
3001883	內文桶	1	0.001	
3001884	推甄卡	1	0.001	
3001885	可藏	1	0.001	
3001886	普哈特利	1	0.001	
3001887	笑原	1	0.001	
3001888	帥紅	1	0.001	
3001889	提攜無愧	1	0.001	
3001890	超婆紗	1	0.001	
3001891	騷娜	1	0.001	
3001892	相撲式	1	0.001	
3001893	班吉卡	1	0.001	
3001894	薛海強	1	0.001	
3001895	歌野心	1	0.001	
3001896	咪肥	1	0.001	
3001897	極品人妻	1	0.001	
3001898	白石苿	1	0.001	
3001899	追彩	1	0.001	
3001900	大普推	1	0.001	
3001901	王冠台女	1	0.001	
3001902	丹丹型	1	0.001	
3001903	千代之	1	0.001	
3001904	富士貢	1	0.001	
3001905	虎虎虎香	1	0.001	
3001906	週小含	1	0.001	
3001907	阿曼達超	1	0.001	
3001908	臧正	1	0.001	
3001909	恰吉臉	1	0.001	
3001910	檔婆	1	0.001	
3001911	香賢兒	1	0.001	
3001912	囡仔幫	1	0.001	
3001913	阿阿阿阿阿阿哎	1	0.001	
3001914	房仲圖	1	0.001	
3001915	蔡貓貓	1	0.001	
3001916	尚譁	1	0.001	
3001917	內衣褲業	1	0.001	
3001918	蔡是隆	1	0.001	
3001919	英倫妹	1	0.001	
3001920	阿書瑋	1	0.001	
3001921	犬門	1	0.001	
3001922	喵吸	1	0.001	
3001923	澀晴	1	0.001	
3001924	瑞雪棒	1	0.001	
3001925	爆映	1	0.001	
3001926	門支語	1	0.001	
3001927	樓戚	1	0.001	
3001928	黃富貴	1	0.001	
3001929	大丸龜	1	0.001	
3001930	魔來葉	1	0.001	
3001931	紀佑潔	1	0.001	
3001932	季推	1	0.001	
3001933	還好正正	1	0.001	
3001934	胡圓	1	0.001	
3001935	重來性	1	0.001	
3001936	霉體業	1	0.001	
3001937	爆騷味	1	0.001	
3001938	正正很正	1	0.001	
3001939	老妮寶	1	0.001	
3001940	露推	1	0.001	
3001941	噴貨	1	0.001	
3001942	肉特王	1	0.001	
3001943	杷杷	1	0.001	
3001944	國師娘	1	0.001	
3001945	金枝利	1	0.001	
3001946	團體態	1	0.001	
3001947	咖推醬	1	0.001	
3001948	做作裝	1	0.001	
3001949	萬伯毅	1	0.001	
3001950	滑壞	1	0.001	
3001951	香骨盆	1	0.001	
3001952	勝文萬安	1	0.001	
3001953	上將門	1	0.001	
3001954	幹露背	1	0.001	
3001955	阿蠻人妻	1	0.001	
3001956	螢幕長	1	0.001	
3001957	朱里哇草	1	0.001	
3001958	木曜蚵布林	1	0.001	
3001959	南部球	1	0.001	
3001960	西南半球	1	0.001	
3001961	友色	1	0.001	
3001962	莢膜欒	1	0.001	
3001963	露禎	1	0.001	
3001964	龜套	1	0.001	
3001965	六指腿	1	0.001	
3001966	巴歐薩庫魯嘎	1	0.001	
3001967	終極病	1	0.001	
3001968	香絲襪片	1	0.001	
3001969	阿瞞魂	1	0.001	
3001970	妻棒	1	0.001	
3001971	童龍休	1	0.001	
3001972	腮煙蟲	1	0.001	
3001973	辜歐噴	1	0.001	
3001974	府趴	1	0.001	
3001975	推完人	1	0.001	
3001976	胡椒姐	1	0.001	
3001977	本田翼真禮	1	0.001	
3001978	翁立粉	1	0.001	
3001979	小項	1	0.001	
3001980	奧濕卡獎	1	0.001	
3001981	林進像	1	0.001	
3001982	腿門	1	0.001	
3001983	求門腿	1	0.001	
3001984	修長版	1	0.001	
3001985	又正年	1	0.001	
3001986	垃圾圖琦	1	0.001	
3001987	羅傑奶	1	0.001	
3001988	肥仔奶	1	0.001	
3001989	徐玄大	1	0.001	
3001990	腰腋	1	0.001	
3001991	鼻子瘦	1	0.001	
3001992	天道紬勤	1	0.001	
3001993	戈界	1	0.001	
3001994	神顏超正	1	0.001	
3001995	李亻	1	0.001	
3001996	圭穎	1	0.001	
3001997	紙真假	1	0.001	
3001998	神宮寺奈緒香	1	0.001	
3001999	穴力	1	0.001	
3002000	帥道	1	0.001	
3002001	訂情曲	1	0.001	
3002002	粉面人	1	0.001	
3002003	老檸粉	1	0.001	
3002004	模特群	1	0.001	
3002005	切西亞	1	0.001	
3002006	排骨隊	1	0.001	
3002007	豬肉秀	1	0.001	
3002008	柚子柚	1	0.001	
3002009	招牌犬	1	0.001	
3002010	淺水服	1	0.001	
3002011	王美臉	1	0.001	
3002012	無線譜	1	0.001	
3002013	做作婆	1	0.001	
3002014	正娃	1	0.001	
3002015	推世	1	0.001	
3002016	讚夭壽	1	0.001	
3002017	小生日快樂	1	0.001	
3002018	奶大妹	1	0.001	
3002019	宅東雲行	1	0.001	
3002020	表特臉	1	0.001	
3002021	優尼優	1	0.001	
3002022	優妮優妮彌	1	0.001	
3002023	少凪醬	1	0.001	
3002024	粉合法	1	0.001	
3002025	朱麗萍	1	0.001	
3002026	大仁妹	1	0.001	
3002027	宸菲	1	0.001	
3002028	郭台子宮	1	0.001	
3002029	普拿利比	1	0.001	
3002030	鵰塑型	1	0.001	
3002031	篠田無尊	1	0.001	
3002032	慘森日向子	1	0.001	
3002033	正大不下	1	0.001	
3002034	壽司妹	1	0.001	
3002035	襄塑	1	0.001	
3002036	白一生	1	0.001	
3002037	大白帝	1	0.001	
3002038	鐵疼他婆	1	0.001	
3002039	红不起	1	0.001	
3002040	普妹隊	1	0.001	
3002041	丑隆	1	0.001	
3002042	皺普	1	0.001	
3002043	外拍讚	1	0.001	
3002044	正清新型	1	0.001	
3002045	門奶	1	0.001	
3002046	調香課	1	0.001	
3002047	發漏出	1	0.001	
3002048	露干	1	0.001	
3002049	婆忙	1	0.001	
3002050	妻界	1	0.001	
3002051	梁媽	1	0.001	
3002052	贛思想	1	0.001	
3002053	表特拉	1	0.001	
3002054	勁讚	1	0.001	
3002055	臭臉夢	1	0.001	
3002056	替入	1	0.001	
3002057	金孫乖	1	0.001	
3002058	美尻咖	1	0.001	
3002059	佐久良咲希	1	0.001	
3002060	冬推	1	0.001	
3002061	粉福	1	0.001	
3002062	健康操粉	1	0.001	
3002063	金多蝦普	1	0.001	
3002064	娜娜茶	1	0.001	
3002065	噁棉	1	0.001	
3002066	籃籃樓	1	0.001	
3002067	原之柱	1	0.001	
3002068	肉瘦版	1	0.001	
3002069	葉配師	1	0.001	
3002070	棒正	1	0.001	
3002071	陳伊強	1	0.001	
3002072	卡凶	1	0.001	
3002073	垂張	1	0.001	
3002074	卡皇太	1	0.001	
3002075	張淑瑛	1	0.001	
3002076	頂油	1	0.001	
3002077	型普	1	0.001	
3002078	伊藤雪舞	1	0.001	
3002079	塑號	1	0.001	
3002080	鎖喉球	1	0.001	
3002081	帥史	1	0.001	
3002082	鎖喉仔	1	0.001	
3002083	詹一生	1	0.001	
3002084	怎受得	1	0.001	
3002085	襄推	1	0.001	
3002086	襄菸推	1	0.001	
3002087	爆口條	1	0.001	
3002088	眼中無敵	1	0.001	
3002089	珉超	1	0.001	
3002090	金髮超	1	0.001	
3002091	郭艾榛	1	0.001	
3002092	寺田莉緒	1	0.001	
3002093	香菊地	1	0.001	
3002094	田中美紗	1	0.001	
3002095	有美久	1	0.001	
3002096	崩勇迷	1	0.001	
3002097	瓜梯	1	0.001	
3002098	咖梯	1	0.001	
3002099	唸書水	1	0.001	
3002100	空懶覺	1	0.001	
3002101	雨朦	1	0.001	
3002102	田中千穗	1	0.001	
3002103	飯岡佳奈	1	0.001	
3002104	咖那醬	1	0.001	
3002105	正酒	1	0.001	
3002106	荒姨阿	1	0.001	
3002107	嬯值	1	0.001	
3002108	醫美資	1	0.001	
3002109	比司吉艾比	1	0.001	
3002110	岸正	1	0.001	
3002111	黃圓媛婆	1	0.001	
3002112	黃萍蘋	1	0.001	
3002113	八九味	1	0.001	
3002114	老申寶	1	0.001	
3002115	忙內正忙	1	0.001	
3002116	毛挪威	1	0.001	
3002117	清純樣	1	0.001	
3002118	何蓁	1	0.001	
3002119	仲祥	1	0.001	
3002120	普嘴型	1	0.001	
3002121	相該	1	0.001	
3002122	後來來出	1	0.001	
3002123	拉正耶	1	0.001	
3002124	吉巴塞隊	1	0.001	
3002125	中舔台	1	0.001	
3002126	臭甲路	1	0.001	
3002127	歐美讚	1	0.001	
3002128	正釣系	1	0.001	
3002129	河北推	1	0.001	
3002130	鬥兒	1	0.001	
3002131	痘兒	1	0.001	
3002132	服顏	1	0.001	
3002133	大花暖	1	0.001	
3002134	沐沐斯容	1	0.001	
3002135	小模照	1	0.001	
3002136	求門麂	1	0.001	
3002137	韓韶喜	1	0.001	
3002138	正真香	1	0.001	
3002139	宇治波葵尻	1	0.001	
3002140	卡卡西葵	1	0.001	
3002141	葉加瀨正雷恩	1	0.001	
3002142	對弈棋	1	0.001	
3002143	靈王帥	1	0.001	
3002144	吳澤園	1	0.001	
3002145	卿卿臉	1	0.001	
3002146	隱肉現	1	0.001	
3002147	高雄相	1	0.001	
3002148	怪怪美	1	0.001	
3002149	迪士尼樓	1	0.001	
3002150	神尪	1	0.001	
3002151	茶葉蛋殼	1	0.001	
3002152	陶推	1	0.001	
3002153	婆冬寶	1	0.001	
3002154	婆老冬寶	1	0.001	
3002155	捌捌玖	1	0.001	
3002156	吊打菸	1	0.001	
3002157	正河豚	1	0.001	
3002158	讚咩燒桿	1	0.001	
3002159	真假型	1	0.001	
3002160	生日快樂正	1	0.001	
3002161	襄殺隊	1	0.001	
3002162	襄團	1	0.001	
3002163	普雷波	1	0.001	
3002164	娥婆	1	0.001	
3002165	戈推	1	0.001	
3002166	臭惱	1	0.001	
3002167	朱家緯	1	0.001	
3002168	奶斜	1	0.001	
3002169	鼻業	1	0.001	
3002170	韓系妝	1	0.001	
3002171	湘菱	1	0.001	
3002172	申熊族	1	0.001	
3002173	天菜甲味	1	0.001	
3002174	舌潾	1	0.001	
3002175	老純寶	1	0.001	
3002176	鄧子琪	1	0.001	
3002177	尚可像	1	0.001	
3002178	普星漢	1	0.001	
3002179	夕蒿吐鷺鷥	1	0.001	
3002180	超正陳	1	0.001	
3002181	讚吹成	1	0.001	
3002182	腰身頂	1	0.001	
3002183	安齋凪	1	0.001	
3002184	拓海樓	1	0.001	
3002185	夕世奶	1	0.001	
3002186	臉長壞	1	0.001	
3002187	朔風野	1	0.001	
3002188	豆門	1	0.001	
3002189	星麻里亞藏	1	0.001	
3002190	選擇儀	1	0.001	
3002191	東調西調	1	0.001	
3002192	夢乃阿	1	0.001	
3002193	瑟楓富	1	0.001	
3002194	安達讚	1	0.001	
3002195	原來葵	1	0.001	
3002196	夢乃菜	1	0.001	
3002197	霸辜	1	0.001	
3002198	巴提斯塔把	1	0.001	
3002199	真塑棒	1	0.001	
3002200	恰偶	1	0.001	
3002201	關珞瑛	1	0.001	
3002202	山河令紅	1	0.001	
3002203	公關文山河令	1	0.001	
3002204	騷老	1	0.001	
3002205	還珍	1	0.001	
3002206	邵普妹	1	0.001	
3002207	咖啡網	1	0.001	
3002208	老補血	1	0.001	
3002209	大三不五時	1	0.001	
3002210	哦喔喔喔	1	0.001	
3002211	蒿搭	1	0.001	
3002212	卡粉專	1	0.001	
3002213	戲許	1	0.001	
3002214	唄姬單	1	0.001	
3002215	許不耐	1	0.001	
3002216	邵許	1	0.001	
3002217	路許	1	0.001	
3002218	月工邵	1	0.001	
3002219	虎推	1	0.001	
3002220	威漬爪	1	0.001	
3002221	唉帥	1	0.001	
3002222	總欸帥	1	0.001	
3002223	短髮讚	1	0.001	
3002224	貧現	1	0.001	
3002225	美顏王	1	0.001	
3002226	容甜	1	0.001	
3002227	正腋推	1	0.001	
3002228	李承洨	1	0.001	
3002229	維京帽	1	0.001	
3002230	黑絲套	1	0.001	
3002231	加分業	1	0.001	
3002232	拉票葉	1	0.001	
3002233	老奈寶	1	0.001	
3002234	姬奈必	1	0.001	
3002235	可奈姬讚	1	0.001	
3002236	缩影	1	0.001	
3002237	史巴托豐	1	0.001	
3002238	無罩式	1	0.001	
3002239	推盛	1	0.001	
3002240	出門見面	1	0.001	
3002241	推車貞淑	1	0.001	
3002242	少奶奶型	1	0.001	
3002243	彥豐痾	1	0.001	
3002244	普短	1	0.001	
3002245	狂粿粉	1	0.001	
3002246	讚賢	1	0.001	
3002247	東鬧	1	0.001	
3002248	西鬧	1	0.001	
3002249	開門正太	1	0.001	
3002250	黃妖師城	1	0.001	
3002251	東神通	1	0.001	
3002252	喜番尼	1	0.001	
3002253	清新正	1	0.001	
3002254	盧子昀	1	0.001	
3002255	襄正	1	0.001	
3002256	天然城	1	0.001	
3002257	綠茶襄	1	0.001	
3002258	辜推	1	0.001	
3002259	醜寧	1	0.001	
3002260	尼明理	1	0.001	
3002261	莊鈴	1	0.001	
3002262	真心正正	1	0.001	
3002263	戈人	1	0.001	
3002264	涼解	1	0.001	
3002265	褻主	1	0.001	
3002266	羌拿	1	0.001	
3002267	血貞	1	0.001	
3002268	鳥心證	1	0.001	
3002269	暗板規	1	0.001	
3002270	天鵝婆	1	0.001	
3002271	九一九一九一九一	1	0.001	
3002272	嘟什麼	1	0.001	
3002273	告解門	1	0.001	
3002274	赤鬼伯	1	0.001	
3002275	巨乳峰	1	0.001	
3002276	馬蚤氣	1	0.001	
3002277	日系杯	1	0.001	
3002278	雈以	1	0.001	
3002279	右右右三	1	0.001	
3002280	笮袇	1	0.001	
3002281	原能神	1	0.001	
3002282	業表	1	0.001	
3002283	小金裕貞	1	0.001	
3002284	眼科裕貞	1	0.001	
3002285	麻希窩	1	0.001	
3002286	元慈妹	1	0.001	
3002287	否斯	1	0.001	
3002288	工事煙	1	0.001	
3002289	千夏芳根	1	0.001	
3002290	雛石原聰美	1	0.001	
3002291	七瀨類	1	0.001	
3002292	表特版史	1	0.001	
3002293	阿翔普	1	0.001	
3002294	門狂	1	0.001	
3002295	自捧自銷	1	0.001	
3002296	卯水咲流	1	0.001	
3002297	乓尬	1	0.001	
3002298	大澤安	1	0.001	
3002299	馬洗晶愛麗啦	1	0.001	
3002300	大澤時	1	0.001	
3002301	大澤祐香	1	0.001	
3002302	金愛麗	1	0.001	
3002303	正正正翻	1	0.001	
3002304	南美王	1	0.001	
3002305	阿乙級	1	0.001	
3002306	約威	1	0.001	
3002307	神白女	1	0.001	
3002308	孕力	1	0.001	
3002309	尻胸	1	0.001	
3002310	修騙版	1	0.001	
3002311	妈佛版	1	0.001	
3002312	吉冈	1	0.001	
3002313	推回来	1	0.001	
3002314	胡綺	1	0.001	
3002315	前七仔	1	0.001	
3002316	女女香	1	0.001	
3002317	郁美	1	0.001	
3002318	科乖	1	0.001	
3002319	照片奶	1	0.001	
3002320	門瑞瑪席丹	1	0.001	
3002321	崩扣	1	0.001	
3002322	儷軒怡叡	1	0.001	
3002323	彈門	1	0.001	
3002324	喜婆婆	1	0.001	
3002325	老開始	1	0.001	
3002326	惹普	1	0.001	
3002327	老金寶	1	0.001	
3002328	廖化挺	1	0.001	
3002329	眼清目明	1	0.001	
3002330	庵姬	1	0.001	
3002331	香相	1	0.001	
3002332	菸分	1	0.001	
3002333	七澤夢乃	1	0.001	
3002334	杜善衫	1	0.001	
3002335	林殺臉	1	0.001	
3002336	露奶日	1	0.001	
3002337	塑膠日	1	0.001	
3002338	大九滴	1	0.001	
3002339	大木愛	1	0.001	
3002340	餒西八	1	0.001	
3002341	呀涎鎮	1	0.001	
3002342	李居麗	1	0.001	
3002343	貝拉搜尼	1	0.001	
3002344	韓文圖奇	1	0.001	
3002345	餘蛙	1	0.001	
3002346	塑化劑渣	1	0.001	
3002347	薇薇安勒	1	0.001	
3002348	接力力	1	0.001	
3002349	皮卡撐	1	0.001	
3002350	軟莖天	1	0.001	
3002351	降落婆	1	0.001	
3002352	王淨正	1	0.001	
3002353	王淨中	1	0.001	
3002354	毒超	1	0.001	
3002355	淨襄	1	0.001	
3002356	氣質卡	1	0.001	
3002357	蹄妹	1	0.001	
3002358	煙槍妹	1	0.001	
3002359	正正樓	1	0.001	
3002360	大奈館	1	0.001	
3002361	倉本讚	1	0.001	
3002362	乳太	1	0.001	
3002363	馮提摩	1	0.001	
3002364	梁正正	1	0.001	
3002365	超頂臉	1	0.001	
3002366	水戶加奈	1	0.001	
3002367	水戶讚	1	0.001	
3002368	大大解	1	0.001	
3002369	東發樓米	1	0.001	
3002370	滾幫	1	0.001	
3002371	東發囉密	1	0.001	
3002372	騎士團幫	1	0.001	
3002373	讚筍	1	0.001	
3002374	林鄉正	1	0.001	
3002375	佳品香	1	0.001	
3002376	卓董	1	0.001	
3002377	愛莉莎莎耶	1	0.001	
3002378	優版	1	0.001	
3002379	阿朱瑪彩樺姐	1	0.001	
3002380	永烈	1	0.001	
3002381	阿西野七瀨	1	0.001	
3002382	之欲出	1	0.001	
3002383	肌棒	1	0.001	
3002384	推界	1	0.001	
3002385	她正界	1	0.001	
3002386	啦啦賽	1	0.001	
3002387	無瑪	1	0.001	
3002388	鼻唄	1	0.001	
3002389	依娜	1	0.001	
3002390	軒女乃大	1	0.001	
3002391	奧田咲正	1	0.001	
3002392	小倉正豪瑟	1	0.001	
3002393	小倉奈奈立可白	1	0.001	
3002394	小倉錢錢	1	0.001	
3002395	米可黑	1	0.001	
3002396	貼卷門	1	0.001	
3002397	哩蝦	1	0.001	
3002398	俺勃	1	0.001	
3002399	俺柏	1	0.001	
3002400	白戸	1	0.001	
3002401	特寫信	1	0.001	
3002402	歐噴樂	1	0.001	
3002403	本赤旦	1	0.001	
3002404	聖人完	1	0.001	
3002405	彩彩樂	1	0.001	
3002406	彩推推	1	0.001	
3002407	醜子瑜	1	0.001	
3002408	雜妹	1	0.001	
3002409	個妹	1	0.001	
3002410	噁厄	1	0.001	
3002411	香優	1	0.001	
3002412	阿金霖霖	1	0.001	
3002413	艾爾芬妮	1	0.001	
3002414	反派風	1	0.001	
3002415	爆求門	1	0.001	
3002416	愛國臉	1	0.001	
3002417	李鹹冰	1	0.001	
3002418	張安安	1	0.001	
3002419	林襄大改	1	0.001	
3002420	小玥兒	1	0.001	
3002421	阿佩瑾	1	0.001	
3002422	老婆門	1	0.001	
3002423	妈咪	1	0.001	
3002424	二十五三十三十五四十四十五五十五十五	1	0.001	
3002425	門發哥	1	0.001	
3002426	特常	1	0.001	
3002427	修脸	1	0.001	
3002428	祖國香	1	0.001	
3002429	離島腦	1	0.001	
3002430	國代隊	1	0.001	
3002431	好正正	1	0.001	
3002432	泡菜網	1	0.001	
3002433	不滿族	1	0.001	
3002434	嘻嘻族	1	0.001	
3002435	頭髮族	1	0.001	
3002436	沒奶族	1	0.001	
3002437	平脯族	1	0.001	
3002438	平原族	1	0.001	
3002439	擺夷族	1	0.001	
3002440	左右右右右右右左右	1	0.001	
3002441	緒緒正	1	0.001	
3002442	大嘴蛤	1	0.001	
3002443	推正超正	1	0.001	
3002444	芊寶	1	0.001	
3002445	真林奏	1	0.001	
3002446	林之東	1	0.001	
3002447	普人妖	1	0.001	
3002448	滿仙	1	0.001	
3002449	太白鳥	1	0.001	
3002450	有絲	1	0.001	
3002451	姜淶	1	0.001	
3002452	瑞陸版	1	0.001	
3002453	霖黑	1	0.001	
3002454	黏殺	1	0.001	
3002455	康內	1	0.001	
3002456	姜貓	1	0.001	
3002457	體保風	1	0.001	
3002458	綵屎	1	0.001	
3002459	無偶包	1	0.001	
3002460	鼻門牙	1	0.001	
3002461	奶紅色	1	0.001	
3002462	馬不龍	1	0.001	
3002463	阿喜平	1	0.001	
3002464	陳華滴妹	1	0.001	
3002465	蔗豬	1	0.001	
3002466	苞娜苞	1	0.001	
3002467	夜星船篇	1	0.001	
3002468	正正乾	1	0.001	
3002469	舞圈粉	1	0.001	
3002470	繡花手	1	0.001	
3002471	不務正阿	1	0.001	
3002472	邱涵大	1	0.001	
3002473	宋鈕	1	0.001	
3002474	玄彬型	1	0.001	
3002475	善妮	1	0.001	
3002476	小豪哥	1	0.001	
3002477	瓶澎	1	0.001	
3002478	石川凜	1	0.001	
3002479	有淨	1	0.001	
3002480	煙區	1	0.001	
3002481	擛	1	0.001	
3002482	妄娜腿	1	0.001	
3002483	鴇膹	1	0.001	
3002484	雪芙感	1	0.001	
3002485	哩蝦咪咖	1	0.001	
3002486	超假奶	1	0.001	
3002487	歐哎	1	0.001	
3002488	耐斯藏	1	0.001	
3002489	氣質架	1	0.001	
3002490	乃讚	1	0.001	
3002491	化妝術婆	1	0.001	
3002492	娜塔莉波曼綠	1	0.001	
3002493	康斯坦丁阿斯	1	0.001	
3002494	莎曼珊瑪西絲	1	0.001	
3002495	貼門	1	0.001	
3002496	呷西歸	1	0.001	
3002497	安娜山根	1	0.001	
3002498	普雷斯提克	1	0.001	
3002499	嘶辣	1	0.001	
3002500	正秀婷	1	0.001	
3002501	雪茄葉	1	0.001	
3002502	華姐曲	1	0.001	
3002503	爆擊歐	1	0.001	
3002504	豆爾齁齁齁	1	0.001	
3002505	惹逗	1	0.001	
3002506	讚浪	1	0.001	
3002507	介唄姬	1	0.001	
3002508	立堯	1	0.001	
3002509	台饒史	1	0.001	
3002510	丘涵正	1	0.001	
3002511	丘涵丘	1	0.001	
3002512	歐剃	1	0.001	
3002513	高粱酒帝	1	0.001	
3002514	泳練	1	0.001	
3002515	盜藏	1	0.001	
3002516	拉化成	1	0.001	
3002517	人形板	1	0.001	
3002518	章魚版	1	0.001	
3002519	薬燉	1	0.001	
3002520	涂芸榛	1	0.001	
3002521	儒神臀	1	0.001	
3002522	豆刺青控	1	0.001	
3002523	露露米	1	0.001	
3002524	崔申	1	0.001	
3002525	崔劉	1	0.001	
3002526	蘇老庭寶	1	0.001	
3002527	變站壁	1	0.001	
3002528	老婷寶	1	0.001	
3002529	宛庭	1	0.001	
3002530	老庭寶	1	0.001	
3002531	皮卡丘婆	1	0.001	
3002532	邵漂亮	1	0.001	
3002533	塑騷	1	0.001	
3002534	召喚城	1	0.001	
3002535	大正港味	1	0.001	
3002536	富板	1	0.001	
3002537	雞排要	1	0.001	
3002538	來台版	1	0.001	
3002539	庫耶	1	0.001	
3002540	嘻嘻甜	1	0.001	
3002541	正好老	1	0.001	
3002542	曾苦	1	0.001	
3002543	曾鹹	1	0.001	
3002544	曾醜	1	0.001	
3002545	塑塑膠感	1	0.001	
3002546	哈素	1	0.001	
3002547	拍塑	1	0.001	
3002548	塑文	1	0.001	
3002549	娃奶	1	0.001	
3002550	阿館基宏	1	0.001	
3002551	珮彤	1	0.001	
3002552	姑搜	1	0.001	
3002553	哞西	1	0.001	
3002554	迪麗熱巴狗	1	0.001	
3002555	江宜榕	1	0.001	
3002556	門直	1	0.001	
3002557	磨玉琳	1	0.001	
3002558	唄姬梨	1	0.001	
3002559	尊敬滿滿	1	0.001	
3002560	别板	1	0.001	
3002561	推天菜	1	0.001	
3002562	炒咖	1	0.001	
3002563	普阿金	1	0.001	
3002564	擴溢	1	0.001	
3002565	五樓男	1	0.001	
3002566	蜀國妹	1	0.001	
3002567	面攤女	1	0.001	
3002568	環奈耶耶耶	1	0.001	
3002569	行妝感	1	0.001	
3002570	王祖賢玉	1	0.001	
3002571	荷蘭鮑	1	0.001	
3002572	蔥爆乳	1	0.001	
3002573	容讚	1	0.001	
3002574	滿分推	1	0.001	
3002575	大木村	1	0.001	
3002576	翻唱系	1	0.001	
3002577	慾風	1	0.001	
3002578	季哈	1	0.001	
3002579	麗量人	1	0.001	
3002580	白嘉琪	1	0.001	
3002581	雙水波蛋	1	0.001	
3002582	秀雅推	1	0.001	
3002583	愣咪	1	0.001	
3002584	雲龍凱	1	0.001	
3002585	垂噁	1	0.001	
3002586	打點碼	1	0.001	
3002587	垂囉	1	0.001	
3002588	女子瑜	1	0.001	
3002589	股色氣	1	0.001	
3002590	尼亞大	1	0.001	
3002591	素言	1	0.001	
3002592	彥伶	1	0.001	
3002593	阿天菜	1	0.001	
3002594	都閱	1	0.001	
3002595	從小就長	1	0.001	
3002596	味佩甄	1	0.001	
3002597	八木奈社	1	0.001	
3002598	分解質	1	0.001	
3002599	宋趙娥	1	0.001	
3002600	藏讚	1	0.001	
3002601	蔡旻	1	0.001	
3002602	秒殺門	1	0.001	
3002603	比基尼店	1	0.001	
3002604	晒痕	1	0.001	
3002605	露奶型	1	0.001	
3002606	本真友里	1	0.001	
3002607	賽斯蕾婷	1	0.001	
3002608	韓志紋	1	0.001	
3002609	千層琳	1	0.001	
3002610	老板號	1	0.001	
3002611	皇肉肉	1	0.001	
3002612	雜誌團拍	1	0.001	
3002613	菸酒妹	1	0.001	
3002614	號香	1	0.001	
3002615	周妍	1	0.001	
3002616	斯斯斯斯斯斯	1	0.001	
3002617	嘻嘻香	1	0.001	
3002618	優敲	1	0.001	
3002619	門秦國	1	0.001	
3002620	枕禮	1	0.001	
3002621	天內田	1	0.001	
3002622	照片科	1	0.001	
3002623	超塑囉	1	0.001	
3002624	安怕	1	0.001	
3002625	死海嫄	1	0.001	
3002626	芭芭耶卡	1	0.001	
3002627	柏兄	1	0.001	
3002628	范規	1	0.001	
3002629	阮伍	1	0.001	
3002630	私拍樓	1	0.001	
3002631	奶昔業	1	0.001	
3002632	葉沛文	1	0.001	
3002633	講業	1	0.001	
3002634	中文學好	1	0.001	
3002635	奶昔粉	1	0.001	
3002636	上胸絲衣	1	0.001	
3002637	普美員瑛	1	0.001	
3002638	小金霖普	1	0.001	
3002639	失蒜	1	0.001	
3002640	混血系	1	0.001	
3002641	小奶肉肉	1	0.001	
3002642	婆口貝	1	0.001	
3002643	戈死魚	1	0.001	
3002644	戈嘻嘻	1	0.001	
3002645	黃公覆	1	0.001	
3002646	黃蓋公	1	0.001	
3002647	俞何生	1	0.001	
3002648	墊修	1	0.001	
3002649	此非	1	0.001	
3002650	喔啦啦隊服	1	0.001	
3002651	長毛症	1	0.001	
3002652	噁腋	1	0.001	
3002653	容易哥哥	1	0.001	
3002654	岔舌	1	0.001	
3002655	入想	1	0.001	
3002656	香森澤	1	0.001	
3002657	入惹	1	0.001	
3002658	熱涎鎮	1	0.001	
3002659	推燙	1	0.001	
3002660	牧板	1	0.001	
3002661	塑熹	1	0.001	
3002662	欠原	1	0.001	
3002663	塔班生	1	0.001	
3002664	謝微安	1	0.001	
3002665	大长	1	0.001	
3002666	头髮	1	0.001	
3002667	汚汚	1	0.001	
3002668	汚恥	1	0.001	
3002669	橋奈	1	0.001	
3002670	內高下	1	0.001	
3002671	阿老卿寶	1	0.001	
3002672	黑芳根	1	0.001	
3002673	美芳根京子	1	0.001	
3002674	類美	1	0.001	
3002675	清清子	1	0.001	
3002676	吊打樂	1	0.001	
3002677	哦勁	1	0.001	
3002678	袂哦	1	0.001	
3002679	好卉	1	0.001	
3002680	抖耳	1	0.001	
3002681	讚騷	1	0.001	
3002682	鼻妝	1	0.001	
3002683	卡褲	1	0.001	
3002684	肉肉系	1	0.001	
3002685	婆腿	1	0.001	
3002686	顏無敵	1	0.001	
3002687	蛇叉滾	1	0.001	
3002688	丹讚	1	0.001	
3002689	范國寰	1	0.001	
3002690	狄鶯普	1	0.001	
3002691	狄鶯垂	1	0.001	
3002692	嘻嘻妝	1	0.001	
3002693	黑蒜姐	1	0.001	
3002694	門歐噴	1	0.001	
3002695	荳兒	1	0.001	
3002696	迪滴	1	0.001	
3002697	身胸	1	0.001	
3002698	微肉版	1	0.001	
3002699	鈴木二朗	1	0.001	
3002700	天容羽干	1	0.001	
3002701	神采源	1	0.001	
3002702	表特先	1	0.001	
3002703	天菜娘娘	1	0.001	
3002704	水巫女	1	0.001	
3002705	水巫	1	0.001	
3002706	簽背	1	0.001	
3002707	圖門	1	0.001	
3002708	安琪林	1	0.001	
3002709	肩脊	1	0.001	
3002710	挑普	1	0.001	
3002711	傷人婆	1	0.001	
3002712	愛斯帕	1	0.001	
3002713	點淚	1	0.001	
3002714	吸粉王	1	0.001	
3002715	豆耳	1	0.001	
3002716	膩祕	1	0.001	
3002717	秘業	1	0.001	
3002718	啦嫄	1	0.001	
3002719	系合	1	0.001	
3002720	旬果乾	1	0.001	
3002721	沙仙	1	0.001	
3002722	糟糕猩	1	0.001	
3002723	警猩	1	0.001	
3002724	姿勢樓	1	0.001	
3002725	矮拉	1	0.001	
3002726	五官約兒	1	0.001	
3002727	帕瓦李昂	1	0.001	
3002728	香行妹	1	0.001	
3002729	臉塑	1	0.001	
3002730	敖胸版	1	0.001	
3002731	虎屁	1	0.001	
3002732	普湖口	1	0.001	
3002733	河口湖夯	1	0.001	
3002734	狄狄鶯	1	0.001	
3002735	狄秀燕	1	0.001	
3002736	鄭台味	1	0.001	
3002737	普衝	1	0.001	
3002738	吉胃福適錠	1	0.001	
3002739	謀參	1	0.001	
3002740	阿嘠	1	0.001	
3002741	神宮本漢方	1	0.001	
3002742	歡迎光	1	0.001	
3002743	臨縫	1	0.001	
3002744	殻精	1	0.001	
3002745	斯斯甘卯雍斯死	1	0.001	
3002746	逼塞	1	0.001	
3002747	逼炎	1	0.001	
3002748	金搭桑	1	0.001	
3002749	贊嚕	1	0.001	
3002750	加嚕贊	1	0.001	
3002751	敏肝寧窩	1	0.001	
3002752	三芝雨	1	0.001	
3002753	散飆	1	0.001	
3002754	表特媽	1	0.001	
3002755	哇阿贏	1	0.001	
3002756	仔奶	1	0.001	
3002757	內超葉	1	0.001	
3002758	良家婦女板	1	0.001	
3002759	業正	1	0.001	
3002760	保提	1	0.001	
3002761	纳里	1	0.001	
3002762	左門牙	1	0.001	
3002763	駝背表	1	0.001	
3002764	幫派片	1	0.001	
3002765	超平胸	1	0.001	
3002766	平田姐	1	0.001	
3002767	肥宅緣	1	0.001	
3002768	小栗惠里	1	0.001	
3002769	仁美彩希	1	0.001	
3002770	優貧乳	1	0.001	
3002771	搭丁	1	0.001	
3002772	摺凳蛤	1	0.001	
3002773	哈哈哈幫補	1	0.001	
3002774	內挖賽	1	0.001	
3002775	大真塑	1	0.001	
3002776	分鼻	1	0.001	
3002777	介路人	1	0.001	
3002778	個本人	1	0.001	
3002779	芳黑	1	0.001	
3002780	偏肉感	1	0.001	
3002781	戈巧芯	1	0.001	
3002782	餅芯圖	1	0.001	
3002783	大七生	1	0.001	
3002784	小朝讚	1	0.001	
3002785	正大早	1	0.001	
3002786	塑樣	1	0.001	
3002787	正芝儇	1	0.001	
3002788	安香	1	0.001	
3002789	丸橋梅	1	0.001	
3002790	水原長	1	0.001	
3002791	板野友	1	0.001	
3002792	板野人	1	0.001	
3002793	嬌娃臉	1	0.001	
3002794	馬休康納馬	1	0.001	
3002795	富家公子哥	1	0.001	
3002796	瓦叫	1	0.001	
3002797	嘿幹	1	0.001	
3002798	瓦力萬	1	0.001	
3002799	刺青婆	1	0.001	
3002800	七澤明明	1	0.001	
3002801	開門頭	1	0.001	
3002802	浮島森	1	0.001	
3002803	瑪麗亞幫	1	0.001	
3002804	珍奶門	1	0.001	
3002805	邂逅到	1	0.001	
3002806	成龍正	1	0.001	
3002807	亞妝髮	1	0.001	
3002808	堆积	1	0.001	
3002809	短髮棒	1	0.001	
3002810	超色婆	1	0.001	
3002811	采源婆	1	0.001	
3002812	老采寶采寶	1	0.001	
3002813	青禧嗄	1	0.001	
3002814	位疤	1	0.001	
3002815	囧咩	1	0.001	
3002816	味道讚	1	0.001	
3002817	川茉茉美柑	1	0.001	
3002818	吉特斯	1	0.001	
3002819	氣質台	1	0.001	
3002820	嗓台	1	0.001	
3002821	綾瀨戀	1	0.001	
3002822	小本赤	1	0.001	
3002823	管院幹	1	0.001	
3002824	正名樓	1	0.001	
3002825	浦尾青	1	0.001	
3002826	夏律	1	0.001	
3002827	夏目大物	1	0.001	
3002828	紗野水萌	1	0.001	
3002829	好正大	1	0.001	
3002830	跳來晃去	1	0.001	
3002831	老墊	1	0.001	
3002832	韓潛	1	0.001	
3002833	藤浦恵	1	0.001	
3002834	天夏禕	1	0.001	
3002835	懋懋里	1	0.001	
3002836	差別包	1	0.001	
3002837	大又色	1	0.001	
3002838	兇澀	1	0.001	
3002839	樓露西	1	0.001	
3002840	可騷	1	0.001	
3002841	交椅樓	1	0.001	
3002842	魅惑南	1	0.001	
3002843	琇惠	1	0.001	
3002844	個人界	1	0.001	
3002845	鋼骨鼻	1	0.001	
3002846	抖音嫂	1	0.001	
3002847	彩奈七	1	0.001	
3002848	暴神乳	1	0.001	
3002849	身仙	1	0.001	
3002850	吱補	1	0.001	
3002851	喧賓	1	0.001	
3002852	奪主爪	1	0.001	
3002853	多智多藝	1	0.001	
3002854	富美奈	1	0.001	
3002855	不行城	1	0.001	
3002856	克莉絲丁鄧斯特	1	0.001	
3002857	宮沢千春	1	0.001	
3002858	密啟	1	0.001	
3002859	宇多田蜜雪	1	0.001	
3002860	于禁球	1	0.001	
3002861	宿敌	1	0.001	
3002862	打襄菸	1	0.001	
3002863	朵麗絲	1	0.001	
3002864	哈利貞	1	0.001	
3002865	武藤十夢	1	0.001	
3002866	託世	1	0.001	
3002867	左塑	1	0.001	
3002868	驚悚號	1	0.001	
3002869	大柚汁	1	0.001	
3002870	結城佑之	1	0.001	
3002871	幼點	1	0.001	
3002872	丸彥文普李新	1	0.001	
3002873	致效	1	0.001	
3002874	球墊	1	0.001	
3002875	非彼球	1	0.001	
3002876	恒松佑里	1	0.001	
3002877	阿西野	1	0.001	
3002878	腸勒	1	0.001	
3002879	椎名超正	1	0.001	
3002880	戈腿	1	0.001	
3002881	吧啦摳憐	1	0.001	
3002882	感恩冠	1	0.001	
3002883	顛峰照	1	0.001	
3002884	謝冠西	1	0.001	
3002885	雜毛黑	1	0.001	
3002886	塞墊	1	0.001	
3002887	欸喲	1	0.001	
3002888	大本柚	1	0.001	
3002889	丸彥文	1	0.001	
3002890	上來信	1	0.001	
3002891	阿花妝	1	0.001	
3002892	聖傑石老婆	1	0.001	
3002893	正涎鎮	1	0.001	
3002894	超壞神	1	0.001	
3002895	配角咖	1	0.001	
3002896	乃高橋	1	0.001	
3002897	淺倉唯讚	1	0.001	
3002898	張瘦成	1	0.001	
3002899	推逢	1	0.001	
3002900	嬌貴感	1	0.001	
3002901	大人板	1	0.001	
3002902	阿辰塞	1	0.001	
3002903	唐鳳懋懋	1	0.001	
3002904	黃蠟蠟	1	0.001	
3002905	開腳藩	1	0.001	
3002906	属国	1	0.001	
3002907	處理美	1	0.001	
3002908	肥鶴	1	0.001	
3002909	原紗央莉	1	0.001	
3002910	大龍推	1	0.001	
3002911	修縮圖	1	0.001	
3002912	哈哇洽	1	0.001	
3002913	正褲襪	1	0.001	
3002914	前文青	1	0.001	
3002915	毛涵	1	0.001	
3002916	戈泥泥汝	1	0.001	
3002917	雷妲咩	1	0.001	
3002918	健身街	1	0.001	
3002919	斯寇蒂	1	0.001	
3002920	恭喜巴	1	0.001	
3002921	致詞王	1	0.001	
3002922	八鎂	1	0.001	
3002923	二宮奈奈	1	0.001	
3002924	蘇炳愛	1	0.001	
3002925	門乳牛	1	0.001	
3002926	不堪入鏡	1	0.001	
3002927	噓簽	1	0.001	
3002928	愛勇	1	0.001	
3002929	推推忙	1	0.001	
3002930	受眾無腦	1	0.001	
3002931	選民無腦	1	0.001	
3002932	塑塑人	1	0.001	
3002933	氣質度	1	0.001	
3002934	大統領帥	1	0.001	
3002935	爆滿貫	1	0.001	
3002936	浦藤惠讚	1	0.001	
3002937	關鍵服	1	0.001	
3002938	丹慈映	1	0.001	
3002939	丹慈貴	1	0.001	
3002940	孟潔慈妹	1	0.001	
3002941	慈斐棋	1	0.001	
3002942	裴祺	1	0.001	
3002943	孟潔斐	1	0.001	
3002944	美八郎	1	0.001	
3002945	踩誤	1	0.001	
3002946	妄娜集	1	0.001	
3002947	星野亞依	1	0.001	
3002948	呂寳	1	0.001	
3002949	國防部長帥	1	0.001	
3002950	村著	1	0.001	
3002951	修撒	1	0.001	
3002952	哞里	1	0.001	
3002953	吉他歐	1	0.001	
3002954	嚇塑人	1	0.001	
3002955	比特啾	1	0.001	
3002956	廚藝板	1	0.001	
3002957	嘻嘻門	1	0.001	
3002958	幹乳臉	1	0.001	
3002959	宋唯粉	1	0.001	
3002960	紹旻	1	0.001	
3002961	茶卡爾	1	0.001	
3002962	騷味湯	1	0.001	
3002963	板奎丁讚	1	0.001	
3002964	共跳	1	0.001	
3002965	大推權隊	1	0.001	
3002966	大撩	1	0.001	
3002967	大腋	1	0.001	
3002968	頂搭	1	0.001	
3002969	捧下來	1	0.001	
3002970	威夏来唯	1	0.001	
3002971	夏來唯	1	0.001	
3002972	奎丁業	1	0.001	
3002973	塑度風	1	0.001	
3002974	伯姨	1	0.001	
3002975	超香菊	1	0.001	
3002976	八卦球	1	0.001	
3002977	板醜門	1	0.001	
3002978	優天菜	1	0.001	
3002979	門媽	1	0.001	
3002980	絨毛棉	1	0.001	
3002981	客房池	1	0.001	
3002982	台農號號	1	0.001	
3002983	支妹	1	0.001	
3002984	陳明珠號	1	0.001	
3002985	討債版	1	0.001	
3002986	歪頭歪頭	1	0.001	
3002987	嘻嘻仙	1	0.001	
3002988	目字型	1	0.001	
3002989	櫻公鯊	1	0.001	
3002990	梁潔讚	1	0.001	
3002991	漂亮真	1	0.001	
3002992	飛狐日	1	0.001	
3002993	梁潔正	1	0.001	
3002994	南蘭正	1	0.001	
3002995	解燒貨	1	0.001	
3002996	翹大	1	0.001	
3002997	小金袐書	1	0.001	
3002998	鍾欣彤版	1	0.001	
3002999	武刑菲	1	0.001	
3003000	程正	1	0.001	
3003001	忘型	1	0.001	
3003002	演程	1	0.001	
3003003	程長	1	0.001	
3003004	青春球	1	0.001	
3003005	藍坂	1	0.001	
3003006	正侯導	1	0.001	
3003007	文明觀	1	0.001	
3003008	球奶子	1	0.001	
3003009	前科幻武	1	0.001	
3003010	松鶴館	1	0.001	
3003011	正中學	1	0.001	
3003012	傅裡	1	0.001	
3003013	蓓蓓版	1	0.001	
3003014	始矢	1	0.001	
3003015	普貧推	1	0.001	
3003016	超嬌	1	0.001	
3003017	正回	1	0.001	
3003018	墮姬讚	1	0.001	
3003019	正正規正	1	0.001	
3003020	拉麵裝	1	0.001	
3003021	沖繩風	1	0.001	
3003022	母湯然	1	0.001	
3003023	盔甲裝	1	0.001	
3003024	沒地味	1	0.001	
3003025	岸桑	1	0.001	
3003026	水原讚	1	0.001	
3003027	紗狗	1	0.001	
3003028	山本望叶	1	0.001	
3003029	圖咧咧	1	0.001	
3003030	大嘻嘻讚	1	0.001	
3003031	截張有臉	1	0.001	
3003032	蛤葵	1	0.001	
3003033	推板金	1	0.001	
3003034	分蹄	1	0.001	
3003035	童巨	1	0.001	
3003036	肉肉肚肚	1	0.001	
3003037	神木甜	1	0.001	
3003038	撕激	1	0.001	
3003039	未步奈奈是	1	0.001	
3003040	平原石	1	0.001	
3003041	普麻糬	1	0.001	
3003042	極品門	1	0.001	
3003043	讚斯拉夫	1	0.001	
3003044	碧蘿木木	1	0.001	
3003045	吳予啦	1	0.001	
3003046	壞家伙	1	0.001	
3003047	瑪利亞安	1	0.001	
3003048	瑪麗亞推	1	0.001	
3003049	圖置	1	0.001	
3003050	白美奶	1	0.001	
3003051	木木正	1	0.001	
3003052	雪怡億	1	0.001	
3003053	主梗	1	0.001	
3003054	支支言支語	1	0.001	
3003055	可悲支語	1	0.001	
3003056	嗎支那	1	0.001	
3003057	頭雜	1	0.001	
3003058	梳出來	1	0.001	
3003059	支識大體	1	0.001	
3003060	卡門豪	1	0.001	
3003061	葡萄樹枝	1	0.001	
3003062	嘎奶吧哼	1	0.001	
3003063	挖勒挖勒挖	1	0.001	
3003064	歸岡弘	1	0.001	
3003065	歸岡裝肖	1	0.001	
3003066	嘎免賴	1	0.001	
3003067	塑鼻	1	0.001	
3003068	抓肉系	1	0.001	
3003069	樓普加	1	0.001	
3003070	掰門	1	0.001	
3003071	讚線	1	0.001	
3003072	極塑	1	0.001	
3003073	楊過樓	1	0.001	
3003074	果唱	1	0.001	
3003075	簂	1	0.001	
3003076	國奶量	1	0.001	
3003077	讚讚頭	1	0.001	
3003078	練練舞	1	0.001	
3003079	搖擠	1	0.001	
3003080	微肌	1	0.001	
3003081	推看膩	1	0.001	
3003082	浩子婆	1	0.001	
3003083	貧香	1	0.001	
3003084	美女婆	1	0.001	
3003085	笑聲婆	1	0.001	
3003086	唄婆	1	0.001	
3003087	草莓痕	1	0.001	
3003088	洞洞鞋不	1	0.001	
3003089	香賴客	1	0.001	
3003090	賴客	1	0.001	
3003091	鼻孔樓	1	0.001	
3003092	美國鞋	1	0.001	
3003093	袞蛋	1	0.001	
3003094	開襄	1	0.001	
3003095	超魁	1	0.001	
3003096	正美園	1	0.001	
3003097	花川島和津	1	0.001	
3003098	浪滂	1	0.001	
3003099	大不實用	1	0.001	
3003100	邰犢	1	0.001	
3003101	戈長	1	0.001	
3003102	木麗櫻	1	0.001	
3003103	林襄門	1	0.001	
3003104	爾讚	1	0.001	
3003105	嘻嘻海	1	0.001	
3003106	推閉	1	0.001	
3003107	高鐵椅	1	0.001	
3003108	渣木	1	0.001	
3003109	嗎乃	1	0.001	
3003110	立旗類	1	0.001	
3003111	斯亞臉	1	0.001	
3003112	香歪葉	1	0.001	
3003113	哈馬兒	1	0.001	
3003114	乃讚讚	1	0.001	
3003115	年糕奶	1	0.001	
3003116	洽雜某	1	0.001	
3003117	香萌	1	0.001	
3003118	大妍書	1	0.001	
3003119	娜美男	1	0.001	
3003120	霈奶	1	0.001	
3003121	超外闊	1	0.001	
3003122	阿鍾碩	1	0.001	
3003123	審美士林	1	0.001	
3003124	跳車頭	1	0.001	
3003125	大隻嬤	1	0.001	
3003126	正陽子	1	0.001	
3003127	奈嘻嘻	1	0.001	
3003128	二壘盜	1	0.001	
3003129	嘻嘻婆	1	0.001	
3003130	標奶	1	0.001	
3003131	君黃	1	0.001	
3003132	威讚美穗	1	0.001	
3003133	扣分城	1	0.001	
3003134	神木麗三	1	0.001	
3003135	張揚讚	1	0.001	
3003136	普利絲歐	1	0.001	
3003137	坂世	1	0.001	
3003138	超正路	1	0.001	
3003139	城蛋	1	0.001	
3003140	左佐	1	0.001	
3003141	採節	1	0.001	
3003142	推菸	1	0.001	
3003143	嗎正	1	0.001	
3003144	複身	1	0.001	
3003145	犯裡	1	0.001	
3003146	普王淨	1	0.001	
3003147	奶瓶窩	1	0.001	
3003148	和平色	1	0.001	
3003149	微圖坊	1	0.001	
3003150	清朝感	1	0.001	
3003151	殭屍妝	1	0.001	
3003152	臀曲線	1	0.001	
3003153	附門讚	1	0.001	
3003154	大屌打窩	1	0.001	
3003155	大打打	1	0.001	
3003156	鼻子型	1	0.001	
3003157	重機媛	1	0.001	
3003158	重修圖	1	0.001	
3003159	塑膠顆	1	0.001	
3003160	塑克達	1	0.001	
3003161	高宮更巨	1	0.001	
3003162	高不扣	1	0.001	
3003163	伊達瑞原	1	0.001	
3003164	盈臻	1	0.001	
3003165	冷擺	1	0.001	
3003166	求門雪國	1	0.001	
3003167	普織織	1	0.001	
3003168	路人姨	1	0.001	
3003169	學習業	1	0.001	
3003170	小腹市	1	0.001	
3003171	桐嶋	1	0.001	
3003172	丹本	1	0.001	
3003173	霸王腿	1	0.001	
3003174	甲賀上忍耶	1	0.001	
3003175	穩襄	1	0.001	
3003176	大上沈	1	0.001	
3003177	常客美	1	0.001	
3003178	楊晨晨	1	0.001	
3003179	毛淚	1	0.001	
3003180	香冼	1	0.001	
3003181	魔里花理	1	0.001	
3003182	可愛妝	1	0.001	
3003183	大跟繩	1	0.001	
3003184	求香	1	0.001	
3003185	史丁諾頓	1	0.001	
3003186	黃金線粉	1	0.001	
3003187	低臉	1	0.001	
3003188	塑嫖釀	1	0.001	
3003189	正罡	1	0.001	
3003190	可愛棒	1	0.001	
3003191	娜黑絲	1	0.001	
3003192	四宮櫻子	1	0.001	
3003193	揉恩	1	0.001	
3003194	中國人婆	1	0.001	
3003195	胸婆	1	0.001	
3003196	子瑜妹	1	0.001	
3003197	隻嬤	1	0.001	
3003198	賺錢號	1	0.001	
3003199	張念誠	1	0.001	
3003200	舔騷	1	0.001	
3003201	門奧樣	1	0.001	
3003202	桐谷茉莉奈	1	0.001	
3003203	皺眉清	1	0.001	
3003204	小羊嫂	1	0.001	
3003205	讚文系	1	0.001	
3003206	門卡卡	1	0.001	
3003207	豚鼠界	1	0.001	
3003208	清辣新	1	0.001	
3003209	逼門	1	0.001	
3003210	新井萌花	1	0.001	
3003211	乾清新	1	0.001	
3003212	打樁師	1	0.001	
3003213	菸肚	1	0.001	
3003214	謝天雪	1	0.001	
3003215	硬壘球	1	0.001	
3003216	白石鈴	1	0.001	
3003217	普腿正	1	0.001	
3003218	嫩版相	1	0.001	
3003219	豆爾普立茲	1	0.001	
3003220	老嬸味	1	0.001	
3003221	潘吟紫	1	0.001	
3003222	川北硬	1	0.001	
3003223	川北冥沙	1	0.001	
3003224	比卿	1	0.001	
3003225	老雨寶	1	0.001	
3003226	糊霸社	1	0.001	
3003227	大愛力	1	0.001	
3003228	黃路仔茵	1	0.001	
3003229	懋神	1	0.001	
3003230	林莎芮絲	1	0.001	
3003231	鼻雪平	1	0.001	
3003232	萊喬	1	0.001	
3003233	推開開門	1	0.001	
3003234	解禁圖	1	0.001	
3003235	紙箱圖	1	0.001	
3003236	乃特版	1	0.001	
3003237	推穿成	1	0.001	
3003238	富波心	1	0.001	
3003239	鯰推	1	0.001	
3003240	偷黥	1	0.001	
3003241	瞠渺	1	0.001	
3003242	星倫	1	0.001	
3003243	居家卡	1	0.001	
3003244	馮花	1	0.001	
3003245	正多了	1	0.001	
3003246	許嘴	1	0.001	
3003247	噁臀	1	0.001	
3003248	仙瘦版	1	0.001	
3003249	女乃呢	1	0.001	
3003250	娜娜耶	1	0.001	
3003251	圖昂	1	0.001	
3003252	歐娜斯	1	0.001	
3003253	陳凱葳	1	0.001	
3003254	函冷	1	0.001	
3003255	涵冷教	1	0.001	
3003256	葉佩詩	1	0.001	
3003257	求卦業	1	0.001	
3003258	表特板門腿	1	0.001	
3003259	塑像鬼	1	0.001	
3003260	米线线	1	0.001	
3003261	米線貓	1	0.001	
3003262	媽姐頭	1	0.001	
3003263	以乃滋	1	0.001	
3003264	塑隨	1	0.001	
3003265	蛋堡城	1	0.001	
3003266	白圓	1	0.001	
3003267	電慧	1	0.001	
3003268	甜棒棒	1	0.001	
3003269	正夭壽	1	0.001	
3003270	名片樓	1	0.001	
3003271	短髮水	1	0.001	
3003272	麻陽	1	0.001	
3003273	壹捌	1	0.001	
3003274	李毓庭	1	0.001	
3003275	星巴威	1	0.001	
3003276	夭讚	1	0.001	
3003277	超正神	1	0.001	
3003278	卿卿大心	1	0.001	
3003279	卿卿無敵	1	0.001	
3003280	三上悠亞安齋拉拉	1	0.001	
3003281	哇修圖	1	0.001	
3003282	隱腋	1	0.001	
3003283	葉月夢	1	0.001	
3003284	大普命	1	0.001	
3003285	花京院典	1	0.001	
3003286	起立歐	1	0.001	
3003287	嚇塑	1	0.001	
3003288	紋刺	1	0.001	
3003289	門刺	1	0.001	
3003290	今生婆	1	0.001	
3003291	超隱乳	1	0.001	
3003292	龍捲腿	1	0.001	
3003293	王在用	1	0.001	
3003294	校門門	1	0.001	
3003295	牛頭梗普	1	0.001	
3003296	牛頭梗卡	1	0.001	
3003297	女峒團	1	0.001	
3003298	朴雅仁	1	0.001	
3003299	三色豆燒賣	1	0.001	
3003300	尢妹	1	0.001	
3003301	監理戰	1	0.001	
3003302	三色豆雞	1	0.001	
3003303	屁股頂	1	0.001	
3003304	矇避	1	0.001	
3003305	荼僕棺銴騆杧	1	0.001	
3003306	白軟舒	1	0.001	
3003307	琇婷	1	0.001	
3003308	普嚨貢	1	0.001	
3003309	讚脫	1	0.001	
3003310	御慾姐	1	0.001	
3003311	張根本	1	0.001	
3003312	蝴蝶舞王	1	0.001	
3003313	象瑜	1	0.001	
3003314	婆瑜瑜	1	0.001	
3003315	正莎	1	0.001	
3003316	露青	1	0.001	
3003317	青松松	1	0.001	
3003318	噁塑味	1	0.001	
3003319	巨獻圖	1	0.001	
3003320	圓首	1	0.001	
3003321	汪大	1	0.001	
3003322	神龍神	1	0.001	
3003323	留言神	1	0.001	
3003324	落陰系	1	0.001	
3003325	綺夢神	1	0.001	
3003326	張莎元	1	0.001	
3003327	紹紹	1	0.001	
3003328	高求門	1	0.001	
3003329	神建商	1	0.001	
3003330	大七吧	1	0.001	
3003331	雙眼腋	1	0.001	
3003332	浩子梗圖	1	0.001	
3003333	串環	1	0.001	
3003334	安包子	1	0.001	
3003335	塑車	1	0.001	
3003336	幼兒媛	1	0.001	
3003337	塑漂釀	1	0.001	
3003338	假人樓	1	0.001	
3003339	李中爽	1	0.001	
3003340	炮碩	1	0.001	
3003341	美媽寶版	1	0.001	
3003342	粟粟	1	0.001	
3003343	永桶版	1	0.001	
3003344	圖片獄	1	0.001	
3003345	唷姆咪	1	0.001	
3003346	圖乓粉	1	0.001	
3003347	阿斯外流	1	0.001	
3003348	清新妝	1	0.001	
3003349	影片商	1	0.001	
3003350	塑補	1	0.001	
3003351	雙眼門	1	0.001	
3003352	雙關洞	1	0.001	
3003353	謝亦菲	1	0.001	
3003354	斯巴達章	1	0.001	
3003355	尹齊	1	0.001	
3003356	海軍派	1	0.001	
3003357	入來桃	1	0.001	
3003358	埋頭工作	1	0.001	
3003359	讚肉肉	1	0.001	
3003360	咖帥	1	0.001	
3003361	退伍妹	1	0.001	
3003362	搞不道	1	0.001	
3003363	懋懋仙	1	0.001	
3003364	送分題業	1	0.001	
3003365	優乃	1	0.001	
3003366	優奶奶	1	0.001	
3003367	貴正	1	0.001	
3003368	舞蹈型	1	0.001	
3003369	瘦身茶	1	0.001	
3003370	蝦訊	1	0.001	
3003371	彩花型	1	0.001	
3003372	代巨歐派	1	0.001	
3003373	開端讚	1	0.001	
3003374	天肥龍	1	0.001	
3003375	丟高賽	1	0.001	
3003376	棒紅	1	0.001	
3003377	淫亂版	1	0.001	
3003378	香巨	1	0.001	
3003379	小美書	1	0.001	
3003380	響姊	1	0.001	
3003381	韓又素	1	0.001	
3003382	阿嘶神木麗舒	1	0.001	
3003383	哈瑟琴	1	0.001	
3003384	賽阿斯	1	0.001	
3003385	塑漂	1	0.001	
3003386	爆勵	1	0.001	
3003387	賽評乾	1	0.001	
3003388	正人生	1	0.001	
3003389	正物	1	0.001	
3003390	二馬文	1	0.001	
3003391	戶田有村	1	0.001	
3003392	架餅	1	0.001	
3003393	偷加辣	1	0.001	
3003394	滷粉	1	0.001	
3003395	推墊	1	0.001	
3003396	耐斯垂	1	0.001	
3003397	堅尖	1	0.001	
3003398	塑眼妝	1	0.001	
3003399	變曲球	1	0.001	
3003400	大奶手	1	0.001	
3003401	嘰嘰趴	1	0.001	
3003402	換飯	1	0.001	
3003403	合攤	1	0.001	
3003404	宜靜雯	1	0.001	
3003405	陳靜雯	1	0.001	
3003406	安靜雯	1	0.001	
3003407	威鼻山根	1	0.001	
3003408	鬥有門	1	0.001	
3003409	綠荳湯	1	0.001	
3003410	阿葛力	1	0.001	
3003411	晃動圖	1	0.001	
3003412	尚好香	1	0.001	
3003413	珠讚	1	0.001	
3003414	親和版	1	0.001	
3003415	羨慕園	1	0.001	
3003416	歐噴德	1	0.001	
3003417	万中选一	1	0.001	
3003418	呆一布	1	0.001	
3003419	小荳子	1	0.001	
3003420	乎乎乎	1	0.001	
3003421	大奶清秀	1	0.001	
3003422	戰將桶	1	0.001	
3003423	腋王	1	0.001	
3003424	普聞腋	1	0.001	
3003425	舔女版	1	0.001	
3003426	口罩襪	1	0.001	
3003427	白娥	1	0.001	
3003428	怡真	1	0.001	
3003429	尼宣	1	0.001	
3003430	海料料	1	0.001	
3003431	啊莎	1	0.001	
3003432	書面版	1	0.001	
3003433	巨乳文	1	0.001	
3003434	留言機機	1	0.001	
3003435	塑來塑去	1	0.001	
3003436	亻本	1	0.001	
3003437	林欣海	1	0.001	
3003438	咬嚨	1	0.001	
3003439	林欣瓜	1	0.001	
3003440	隆乳值	1	0.001	
3003441	林欣嗨	1	0.001	
3003442	麻辣鍋版	1	0.001	
3003443	小偵	1	0.001	
3003444	心侍	1	0.001	
3003445	死苦水	1	0.001	
3003446	插香拜	1	0.001	
3003447	薄荷貓	1	0.001	
3003448	門門門歐	1	0.001	
3003449	乓毛	1	0.001	
3003450	兒夏	1	0.001	
3003451	腎索	1	0.001	
3003452	晶莖	1	0.001	
3003453	黑豹紋	1	0.001	
3003454	內灣岸	1	0.001	
3003455	射精蟲	1	0.001	
3003456	交配上	1	0.001	
3003457	東照美	1	0.001	
3003458	大乓尬	1	0.001	
3003459	真香市原薰	1	0.001	
3003460	石敏魚	1	0.001	
3003461	大壯樓	1	0.001	
3003462	新宓	1	0.001	
3003463	正川津	1	0.001	
3003464	張正第	1	0.001	
3003465	粵田咲奧	1	0.001	
3003466	透抽筋	1	0.001	
3003467	爆巨版	1	0.001	
3003468	小馮正	1	0.001	
3003469	史東勒	1	0.001	
3003470	史東腳	1	0.001	
3003471	劉芳岑	1	0.001	
3003472	台潔西卡	1	0.001	
3003473	卡哭雅撒馬	1	0.001	
3003474	白子誒	1	0.001	
3003475	門門門	1	0.001	
3003476	玉琳耶	1	0.001	
3003477	香爆樓	1	0.001	
3003478	藏硬	1	0.001	
3003479	閃二姊	1	0.001	
3003480	張軒瑞	1	0.001	
3003481	春宇	1	0.001	
3003482	經淫	1	0.001	
3003483	貝香	1	0.001	
3003484	唄推	1	0.001	
3003485	哇塞門	1	0.001	
3003486	封城味	1	0.001	
3003487	媽祖費	1	0.001	
3003488	合照費	1	0.001	
3003489	浮気山	1	0.001	
3003490	阿太太太太	1	0.001	
3003491	奶撒	1	0.001	
3003492	因坊秀策	1	0.001	
3003493	根本晴美	1	0.001	
3003494	連電王	1	0.001	
3003495	周品延	1	0.001	
3003496	腋腹肌	1	0.001	
3003497	正並木優	1	0.001	
3003498	釣婆	1	0.001	
3003499	哥托哥	1	0.001	
3003500	長油	1	0.001	
3003501	魏立	1	0.001	
3003502	路哺	1	0.001	
3003503	哺普	1	0.001	
3003504	大間乃	1	0.001	
3003505	賽柏勒斯	1	0.001	
3003506	鏡子頭	1	0.001	
3003507	腋腋腋	1	0.001	
3003508	青筯奶	1	0.001	
3003509	腰垂	1	0.001	
3003510	釣出口	1	0.001	
3003511	深田惠美	1	0.001	
3003512	門門門門卡	1	0.001	
3003513	余懶趴	1	0.001	
3003514	邵雨微	1	0.001	
3003515	石勾爹斯	1	0.001	
3003516	游擊妆	1	0.001	
3003517	妆髮	1	0.001	
3003518	廉价感	1	0.001	
3003519	黑夜風	1	0.001	
3003520	黃蕾蕾	1	0.001	
3003521	黃依依	1	0.001	
3003522	兒童街	1	0.001	
3003523	塑把	1	0.001	
3003524	大一世	1	0.001	
3003525	阿北門勒	1	0.001	
3003526	美第	1	0.001	
3003527	雍垂	1	0.001	
3003528	秀婷讚	1	0.001	
3003529	香平	1	0.001	
3003530	西卡超	1	0.001	
3003531	掛滾騷	1	0.001	
3003532	婆婆幣	1	0.001	
3003533	板橋環	1	0.001	
3003534	橋本圓奈	1	0.001	
3003535	汐世讚	1	0.001	
3003536	汐世珩	1	0.001	
3003537	老有奶	1	0.001	
3003538	熊春梅	1	0.001	
3003539	成年人板	1	0.001	
3003540	葉美優	1	0.001	
3003541	嗚嗚秒	1	0.001	
3003542	塑化兔	1	0.001	
3003543	貝莉莓兔	1	0.001	
3003544	彈圓	1	0.001	
3003545	等分頭	1	0.001	
3003546	支土味	1	0.001	
3003547	淫成	1	0.001	
3003548	鳳書姐	1	0.001	
3003549	記門	1	0.001	
3003550	英雌片	1	0.001	
3003551	艾鯊鯊	1	0.001	
3003552	美谷美谷	1	0.001	
3003553	特文圖	1	0.001	
3003554	塑化煙	1	0.001	
3003555	液壓版	1	0.001	
3003556	小隻翼舞	1	0.001	
3003557	大翼舞	1	0.001	
3003558	史提夫樂	1	0.001	
3003559	頂佑之	1	0.001	
3003560	馮媛	1	0.001	
3003561	正妹感	1	0.001	
3003562	彭丹王	1	0.001	
3003563	肥宅擠	1	0.001	
3003564	撫媚滾	1	0.001	
3003565	乾大過年	1	0.001	
3003566	武藤葛	1	0.001	
3003567	花面大帝	1	0.001	
3003568	鞋奶	1	0.001	
3003569	相婆	1	0.001	
3003570	賽綸金	1	0.001	
3003571	卡奶特	1	0.001	
3003572	普不普門	1	0.001	
3003573	塑塑妹	1	0.001	
3003574	流川楓騷	1	0.001	
3003575	流川命	1	0.001	
3003576	兜豆靓	1	0.001	
3003577	內風兒	1	0.001	
3003578	妍衣	1	0.001	
3003579	成星莉子	1	0.001	
3003580	井噴香	1	0.001	
3003581	風間枉	1	0.001	
3003582	塞噬亡	1	0.001	
3003583	何日傑	1	0.001	
3003584	曹宴郡	1	0.001	
3003585	虎哥樓	1	0.001	
3003586	北一阿	1	0.001	
3003587	北一紅	1	0.001	
3003588	變塑膠	1	0.001	
3003589	茉日	1	0.001	
3003590	長珠	1	0.001	
3003591	陰球	1	0.001	
3003592	接龍王	1	0.001	
3003593	八雲樓	1	0.001	
3003594	芳沢	1	0.001	
3003595	福士加代子	1	0.001	
3003596	煥粉肥	1	0.001	
3003597	炒作鍊	1	0.001	
3003598	姿濕	1	0.001	
3003599	規恩	1	0.001	
3003600	放大是	1	0.001	
3003601	斷極	1	0.001	
3003602	儀雲	1	0.001	
3003603	天極刃	1	0.001	
3003604	雙化現	1	0.001	
3003605	凰香奈芽感	1	0.001	
3003606	尹秋君	1	0.001	
3003607	紫荊洗	1	0.001	
3003608	霹靂劇	1	0.001	
3003609	咪卡殺	1	0.001	
3003610	哈玄宗	1	0.001	
3003611	莎莎房	1	0.001	
3003612	亞原	1	0.001	
3003613	洪姊逆	1	0.001	
3003614	昀管	1	0.001	
3003615	虛榮色色	1	0.001	
3003616	大葉玉娜	1	0.001	
3003617	楓版皇	1	0.001	
3003618	利魯姆	1	0.001	
3003619	拋錨圖	1	0.001	
3003620	圖庫皮亞	1	0.001	
3003621	頂闆娘	1	0.001	
3003622	卡感恩	1	0.001	
3003623	阿哈哈桶	1	0.001	
3003624	安妮亞香	1	0.001	
3003625	大五短	1	0.001	
3003626	恩斌仙	1	0.001	
3003627	律師婆	1	0.001	
3003628	砥婆	1	0.001	
3003629	耿扯	1	0.001	
3003630	耿普羅	1	0.001	
3003631	溢銀幫	1	0.001	
3003632	討人厭噓	1	0.001	
3003633	意淫仔樓	1	0.001	
3003634	吉利幫	1	0.001	
3003635	林香滾	1	0.001	
3003636	避邪圖	1	0.001	
3003637	溫妮普	1	0.001	
3003638	太外星	1	0.001	
3003639	塑塑界	1	0.001	
3003640	上白歌	1	0.001	
3003641	中出遊	1	0.001	
3003642	左日妹	1	0.001	
3003643	腋卡	1	0.001	
3003644	垂服	1	0.001	
3003645	白川白	1	0.001	
3003646	奶鐵碗	1	0.001	
3003647	多少八	1	0.001	
3003648	森理世	1	0.001	
3003649	復代	1	0.001	
3003650	布置子	1	0.001	
3003651	爆豪大	1	0.001	
3003652	三斤型	1	0.001	
3003653	泱讚	1	0.001	
3003654	雪芙婆	1	0.001	
3003655	雪乳鴨	1	0.001	
3003656	隱乳阿	1	0.001	
3003657	伊泱	1	0.001	
3003658	泡芙乓	1	0.001	
3003659	婆麻油雞	1	0.001	
3003660	皇穿	1	0.001	
3003661	路易吉冬子	1	0.001	
3003662	蛇姬蛇	1	0.001	
3003663	雪寶香	1	0.001	
3003664	普狼妹	1	0.001	
3003665	香歐派	1	0.001	
3003666	鄭知書	1	0.001	
3003667	一絕真	1	0.001	
3003668	薛蕾倫	1	0.001	
3003669	祖瑜	1	0.001	
3003670	瑤姊妹	1	0.001	
3003671	張子蕾	1	0.001	
3003672	月翠	1	0.001	
3003673	閃電襪	1	0.001	
3003674	老睿寶	1	0.001	
3003675	翻板求門	1	0.001	
3003676	大四樓	1	0.001	
3003677	榆化	1	0.001	
3003678	詹子瑜	1	0.001	
3003679	皇板皇	1	0.001	
3003680	碗公噁奶	1	0.001	
3003681	怖來亂	1	0.001	
3003682	交替妝	1	0.001	
3003683	濃微	1	0.001	
3003684	廁臉	1	0.001	
3003685	現任婆	1	0.001	
3003686	液化成	1	0.001	
3003687	遮整	1	0.001	
3003688	巨頭髮	1	0.001	
3003689	爆乳派對	1	0.001	
3003690	臭矮子	1	0.001	
3003691	內內卡稱	1	0.001	
3003692	乓歐	1	0.001	
3003693	狂賀樓	1	0.001	
3003694	大象系	1	0.001	
3003695	爆乳樓	1	0.001	
3003696	肉遮	1	0.001	
3003697	阿瑪資	1	0.001	
3003698	膚皮	1	0.001	
3003699	彈讚	1	0.001	
3003700	倍白石	1	0.001	
3003701	茵芙圖	1	0.001	
3003702	白晝版	1	0.001	
3003703	蔭芙	1	0.001	
3003704	強尖	1	0.001	
3003705	狼谷台	1	0.001	
3003706	働不能	1	0.001	
3003707	黑特歐娜斯	1	0.001	
3003708	黑特歐納斯	1	0.001	
3003709	門紀霧	1	0.001	
3003710	真表特	1	0.001	
3003711	美正樓	1	0.001	
3003712	水泥門	1	0.001	
3003713	精溶	1	0.001	
3003714	宮瀬	1	0.001	
3003715	彎骨	1	0.001	
3003716	毛正	1	0.001	
3003717	香美叡	1	0.001	
3003718	方晨仙	1	0.001	
3003719	招含	1	0.001	
3003720	正正正純	1	0.001	
3003721	水拍	1	0.001	
3003722	阿斯社	1	0.001	
3003723	扯門	1	0.001	
3003724	密碼業	1	0.001	
3003725	超塑城	1	0.001	
3003726	栀	1	0.001	
3003727	樓下寶	1	0.001	
3003728	帕瓦耶香	1	0.001	
3003729	帕瓦阿爾托利亞	1	0.001	
3003730	退伍版	1	0.001	
3003731	罡昰症	1	0.001	
3003732	男人洲	1	0.001	
3003733	葉牛奶業	1	0.001	
3003734	過來文	1	0.001	
3003735	順勢桶	1	0.001	
3003736	亂嘔	1	0.001	
3003737	板規米分	1	0.001	
3003738	夾拍	1	0.001	
3003739	性情樓	1	0.001	
3003740	延長相	1	0.001	
3003741	太城	1	0.001	
3003742	蕭卉君	1	0.001	
3003743	黑髮仙	1	0.001	
3003744	婷仙	1	0.001	
3003745	塞橘子	1	0.001	
3003746	塞壘球	1	0.001	
3003747	壯推	1	0.001	
3003748	羅壁琳	1	0.001	
3003749	腹特	1	0.001	
3003750	欸門	1	0.001	
3003751	性感門	1	0.001	
3003752	霞阿斯	1	0.001	
3003753	肉腳臉	1	0.001	
3003754	知恩感	1	0.001	
3003755	青加敢	1	0.001	
3003756	奈歲	1	0.001	
3003757	靜芸求	1	0.001	
3003758	哩金罵	1	0.001	
3003759	正紗夏	1	0.001	
3003760	正紗夏婆	1	0.001	
3003761	變變身	1	0.001	
3003762	極幹	1	0.001	
3003763	巨人碼	1	0.001	
3003764	芳尼	1	0.001	
3003765	凶怪	1	0.001	
3003766	禿歐	1	0.001	
3003767	優動圖	1	0.001	
3003768	扁維拉誤	1	0.001	
3003769	巧芯普	1	0.001	
3003770	太太型	1	0.001	
3003771	滴晃	1	0.001	
3003772	大大利歐	1	0.001	
3003773	呦豪	1	0.001	
3003774	肉肉界	1	0.001	
3003775	胸顏	1	0.001	
3003776	歐短	1	0.001	
3003777	求門奶	1	0.001	
3003778	輸阿寧	1	0.001	
3003779	鈴木桃	1	0.001	
3003780	道美琉	1	0.001	
3003781	在社	1	0.001	
3003782	佐倉寧寧	1	0.001	
3003783	碼賽克版	1	0.001	
3003784	母女樓	1	0.001	
3003785	小坂魚	1	0.001	
3003786	坂魚	1	0.001	
3003787	優質魚	1	0.001	
3003788	鴨界	1	0.001	
3003789	喜番牛郎	1	0.001	
3003790	張風書	1	0.001	
3003791	麥當勞美	1	0.001	
3003792	卡骷顱	1	0.001	
3003793	露思批	1	0.001	
3003794	楊洋正	1	0.001	
3003795	酸虞	1	0.001	
3003796	貧白鹿	1	0.001	
3003797	夕正	1	0.001	
3003798	無遮版	1	0.001	
3003799	哇婆	1	0.001	
3003800	馬加加	1	0.001	
3003801	大正正正	1	0.001	
3003802	雪嫩	1	0.001	
3003803	抖音單	1	0.001	
3003804	中暑姐	1	0.001	
3003805	到帥	1	0.001	
3003806	葵丁冬卡	1	0.001	
3003807	超正仙	1	0.001	
3003808	薄馬王	1	0.001	
3003809	高咬肉	1	0.001	
3003810	恭喜頭	1	0.001	
3003811	刺青表	1	0.001	
3003812	巢姓	1	0.001	
3003813	結素	1	0.001	
3003814	退伍普	1	0.001	
3003815	某祈	1	0.001	
3003816	對霸凌	1	0.001	
3003817	宿喬	1	0.001	
3003818	娜珉娜珉	1	0.001	
